NUTS2,NUTS3,Year,Turnover_Catering,Turnover_Accomodation
ΑΝΑΤΟΛΙΚΗΣ ΜΑΚΕΔΟΝΙΑΣ ΚΑΙ ΘΡΑΚΗΣ,ΔΡΑΜΑΣ,2019,26730,5208
ΑΝΑΤΟΛΙΚΗΣ ΜΑΚΕΔΟΝΙΑΣ ΚΑΙ ΘΡΑΚΗΣ,ΔΡΑΜΑΣ,2020,20982,3320
ΑΝΑΤΟΛΙΚΗΣ ΜΑΚΕΔΟΝΙΑΣ ΚΑΙ ΘΡΑΚΗΣ,ΔΡΑΜΑΣ,2021,25196,4565
ΑΝΑΤΟΛΙΚΗΣ ΜΑΚΕΔΟΝΙΑΣ ΚΑΙ ΘΡΑΚΗΣ,ΔΡΑΜΑΣ,2022,36371.0,6249
ΑΝΑΤΟΛΙΚΗΣ ΜΑΚΕΔΟΝΙΑΣ ΚΑΙ ΘΡΑΚΗΣ,ΔΡΑΜΑΣ,2023,43060.0,6146
ΑΝΑΤΟΛΙΚΗΣ ΜΑΚΕΔΟΝΙΑΣ ΚΑΙ ΘΡΑΚΗΣ,ΔΡΑΜΑΣ,2024,41373.0,7307
ΑΝΑΤΟΛΙΚΗΣ ΜΑΚΕΔΟΝΙΑΣ ΚΑΙ ΘΡΑΚΗΣ,ΕΒΡΟΥ,2019,47704,18515
ΑΝΑΤΟΛΙΚΗΣ ΜΑΚΕΔΟΝΙΑΣ ΚΑΙ ΘΡΑΚΗΣ,ΕΒΡΟΥ,2020,41358,12757
ΑΝΑΤΟΛΙΚΗΣ ΜΑΚΕΔΟΝΙΑΣ ΚΑΙ ΘΡΑΚΗΣ,ΕΒΡΟΥ,2021,47412,12799
ΑΝΑΤΟΛΙΚΗΣ ΜΑΚΕΔΟΝΙΑΣ ΚΑΙ ΘΡΑΚΗΣ,ΕΒΡΟΥ,2022,66323.0,18354
ΑΝΑΤΟΛΙΚΗΣ ΜΑΚΕΔΟΝΙΑΣ ΚΑΙ ΘΡΑΚΗΣ,ΕΒΡΟΥ,2023,75818.0,22939
ΑΝΑΤΟΛΙΚΗΣ ΜΑΚΕΔΟΝΙΑΣ ΚΑΙ ΘΡΑΚΗΣ,ΕΒΡΟΥ,2024,82209.0,
ΑΝΑΤΟΛΙΚΗΣ ΜΑΚΕΔΟΝΙΑΣ ΚΑΙ ΘΡΑΚΗΣ,ΘΑΣΟΥ,2019,23758,51703
ΑΝΑΤΟΛΙΚΗΣ ΜΑΚΕΔΟΝΙΑΣ ΚΑΙ ΘΡΑΚΗΣ,ΘΑΣΟΥ,2020,10202,15350
ΑΝΑΤΟΛΙΚΗΣ ΜΑΚΕΔΟΝΙΑΣ ΚΑΙ ΘΡΑΚΗΣ,ΘΑΣΟΥ,2021,20911,40303
ΑΝΑΤΟΛΙΚΗΣ ΜΑΚΕΔΟΝΙΑΣ ΚΑΙ ΘΡΑΚΗΣ,ΘΑΣΟΥ,2022,36456.0,64974
ΑΝΑΤΟΛΙΚΗΣ ΜΑΚΕΔΟΝΙΑΣ ΚΑΙ ΘΡΑΚΗΣ,ΘΑΣΟΥ,2023,46000.0,76580
ΑΝΑΤΟΛΙΚΗΣ ΜΑΚΕΔΟΝΙΑΣ ΚΑΙ ΘΡΑΚΗΣ,ΘΑΣΟΥ,2024,45707.0,86446
ΑΝΑΤΟΛΙΚΗΣ ΜΑΚΕΔΟΝΙΑΣ ΚΑΙ ΘΡΑΚΗΣ,ΚΑΒΑΛΑΣ,2019,52913,17835
ΑΝΑΤΟΛΙΚΗΣ ΜΑΚΕΔΟΝΙΑΣ ΚΑΙ ΘΡΑΚΗΣ,ΚΑΒΑΛΑΣ,2020,38613,7592
ΑΝΑΤΟΛΙΚΗΣ ΜΑΚΕΔΟΝΙΑΣ ΚΑΙ ΘΡΑΚΗΣ,ΚΑΒΑΛΑΣ,2021,49439,13241
ΑΝΑΤΟΛΙΚΗΣ ΜΑΚΕΔΟΝΙΑΣ ΚΑΙ ΘΡΑΚΗΣ,ΚΑΒΑΛΑΣ,2022,74825.0,21364
ΑΝΑΤΟΛΙΚΗΣ ΜΑΚΕΔΟΝΙΑΣ ΚΑΙ ΘΡΑΚΗΣ,ΚΑΒΑΛΑΣ,2023,90323.0,29165
ΑΝΑΤΟΛΙΚΗΣ ΜΑΚΕΔΟΝΙΑΣ ΚΑΙ ΘΡΑΚΗΣ,ΚΑΒΑΛΑΣ,2024,95832.0,33771
ΑΝΑΤΟΛΙΚΗΣ ΜΑΚΕΔΟΝΙΑΣ ΚΑΙ ΘΡΑΚΗΣ,ΞΑΝΘΗΣ,2019,32687,6141
ΑΝΑΤΟΛΙΚΗΣ ΜΑΚΕΔΟΝΙΑΣ ΚΑΙ ΘΡΑΚΗΣ,ΞΑΝΘΗΣ,2020,24916,3279
ΑΝΑΤΟΛΙΚΗΣ ΜΑΚΕΔΟΝΙΑΣ ΚΑΙ ΘΡΑΚΗΣ,ΞΑΝΘΗΣ,2021,32779,4422
ΑΝΑΤΟΛΙΚΗΣ ΜΑΚΕΔΟΝΙΑΣ ΚΑΙ ΘΡΑΚΗΣ,ΞΑΝΘΗΣ,2022,45313.0,6457
ΑΝΑΤΟΛΙΚΗΣ ΜΑΚΕΔΟΝΙΑΣ ΚΑΙ ΘΡΑΚΗΣ,ΞΑΝΘΗΣ,2023,49848.0,6477
ΑΝΑΤΟΛΙΚΗΣ ΜΑΚΕΔΟΝΙΑΣ ΚΑΙ ΘΡΑΚΗΣ,ΞΑΝΘΗΣ,2024,50496.0,6539
ΑΝΑΤΟΛΙΚΗΣ ΜΑΚΕΔΟΝΙΑΣ ΚΑΙ ΘΡΑΚΗΣ,ΡΟΔΟΠΗΣ,2019,33266,5977
ΑΝΑΤΟΛΙΚΗΣ ΜΑΚΕΔΟΝΙΑΣ ΚΑΙ ΘΡΑΚΗΣ,ΡΟΔΟΠΗΣ,2020,27693,2641
ΑΝΑΤΟΛΙΚΗΣ ΜΑΚΕΔΟΝΙΑΣ ΚΑΙ ΘΡΑΚΗΣ,ΡΟΔΟΠΗΣ,2021,32680,3542
ΑΝΑΤΟΛΙΚΗΣ ΜΑΚΕΔΟΝΙΑΣ ΚΑΙ ΘΡΑΚΗΣ,ΡΟΔΟΠΗΣ,2022,44387.0,5663
ΑΝΑΤΟΛΙΚΗΣ ΜΑΚΕΔΟΝΙΑΣ ΚΑΙ ΘΡΑΚΗΣ,ΡΟΔΟΠΗΣ,2023,48885.0,6466
ΑΝΑΤΟΛΙΚΗΣ ΜΑΚΕΔΟΝΙΑΣ ΚΑΙ ΘΡΑΚΗΣ,ΡΟΔΟΠΗΣ,2024,50718.0,7415
ΑΤΤΙΚΗΣ,ΑΤΤΙΚΗΣ,2019,2447373,1674803
ΑΤΤΙΚΗΣ,ΑΤΤΙΚΗΣ,2020,1848473,732109
ΑΤΤΙΚΗΣ,ΑΤΤΙΚΗΣ,2021,2436255,1274737
ΑΤΤΙΚΗΣ,ΑΤΤΙΚΗΣ,2022,3698547.0,2233624
ΑΤΤΙΚΗΣ,ΑΤΤΙΚΗΣ,2023,4408579.0,2631652
ΑΤΤΙΚΗΣ,ΑΤΤΙΚΗΣ,2024,4464743.0,2871918
ΒΟΡΕΙΟΥ ΑΙΓΑΙΟΥ,ΙΚΑΡΙΑΣ,2019,3901,2332
ΒΟΡΕΙΟΥ ΑΙΓΑΙΟΥ,ΙΚΑΡΙΑΣ,2020,2457,1028
ΒΟΡΕΙΟΥ ΑΙΓΑΙΟΥ,ΙΚΑΡΙΑΣ,2021,4845,2019
ΒΟΡΕΙΟΥ ΑΙΓΑΙΟΥ,ΙΚΑΡΙΑΣ,2022,6415.0,2616
ΒΟΡΕΙΟΥ ΑΙΓΑΙΟΥ,ΙΚΑΡΙΑΣ,2023,7924.0,3208
ΒΟΡΕΙΟΥ ΑΙΓΑΙΟΥ,ΙΚΑΡΙΑΣ,2024,9087.0,3869
ΒΟΡΕΙΟΥ ΑΙΓΑΙΟΥ,ΛΕΣΒΟΥ,2019,54890,20349
ΒΟΡΕΙΟΥ ΑΙΓΑΙΟΥ,ΛΕΣΒΟΥ,2020,,
ΒΟΡΕΙΟΥ ΑΙΓΑΙΟΥ,ΛΕΣΒΟΥ,2021,,
ΒΟΡΕΙΟΥ ΑΙΓΑΙΟΥ,ΛΕΣΒΟΥ,2022,60976.0,21040
ΒΟΡΕΙΟΥ ΑΙΓΑΙΟΥ,ΛΕΣΒΟΥ,2023,78650.0,27664
ΒΟΡΕΙΟΥ ΑΙΓΑΙΟΥ,ΛΕΣΒΟΥ,2024,85927.0,34902
ΒΟΡΕΙΟΥ ΑΙΓΑΙΟΥ,ΛΗΜΝΟΥ,2019,8125,5134
ΒΟΡΕΙΟΥ ΑΙΓΑΙΟΥ,ΛΗΜΝΟΥ,2020,6294,3474
ΒΟΡΕΙΟΥ ΑΙΓΑΙΟΥ,ΛΗΜΝΟΥ,2021,7991,
ΒΟΡΕΙΟΥ ΑΙΓΑΙΟΥ,ΛΗΜΝΟΥ,2022,11883.0,7282
ΒΟΡΕΙΟΥ ΑΙΓΑΙΟΥ,ΛΗΜΝΟΥ,2023,15263.0,
ΒΟΡΕΙΟΥ ΑΙΓΑΙΟΥ,ΛΗΜΝΟΥ,2024,19049.0,14614
ΒΟΡΕΙΟΥ ΑΙΓΑΙΟΥ,ΣΑΜΟΥ,2019,23516,45920
ΒΟΡΕΙΟΥ ΑΙΓΑΙΟΥ,ΣΑΜΟΥ,2020,11383,14547
ΒΟΡΕΙΟΥ ΑΙΓΑΙΟΥ,ΣΑΜΟΥ,2021,19905,30240
ΒΟΡΕΙΟΥ ΑΙΓΑΙΟΥ,ΣΑΜΟΥ,2022,34056.0,54689
ΒΟΡΕΙΟΥ ΑΙΓΑΙΟΥ,ΣΑΜΟΥ,2023,41011.0,59493
ΒΟΡΕΙΟΥ ΑΙΓΑΙΟΥ,ΣΑΜΟΥ,2024,47262.0,68562
ΒΟΡΕΙΟΥ ΑΙΓΑΙΟΥ,ΧΙΟΥ,2019,29591,9692
ΒΟΡΕΙΟΥ ΑΙΓΑΙΟΥ,ΧΙΟΥ,2020,25783,5208
ΒΟΡΕΙΟΥ ΑΙΓΑΙΟΥ,ΧΙΟΥ,2021,29012,7363
ΒΟΡΕΙΟΥ ΑΙΓΑΙΟΥ,ΧΙΟΥ,2022,39749.0,10235
ΒΟΡΕΙΟΥ ΑΙΓΑΙΟΥ,ΧΙΟΥ,2023,49936.0,12390
ΒΟΡΕΙΟΥ ΑΙΓΑΙΟΥ,ΧΙΟΥ,2024,56685.0,15666
ΔΥΤΙΚΗΣ ΕΛΛΑΔΑΣ,ΑΙΤΩΛΟΑΚΑΡΝΑΝΙΑΣ,2019,67016,11669
ΔΥΤΙΚΗΣ ΕΛΛΑΔΑΣ,ΑΙΤΩΛΟΑΚΑΡΝΑΝΙΑΣ,2020,54193,6935
ΔΥΤΙΚΗΣ ΕΛΛΑΔΑΣ,ΑΙΤΩΛΟΑΚΑΡΝΑΝΙΑΣ,2021,60855,8856
ΔΥΤΙΚΗΣ ΕΛΛΑΔΑΣ,ΑΙΤΩΛΟΑΚΑΡΝΑΝΙΑΣ,2022,88045.0,14973
ΔΥΤΙΚΗΣ ΕΛΛΑΔΑΣ,ΑΙΤΩΛΟΑΚΑΡΝΑΝΙΑΣ,2023,109934.0,16997
ΔΥΤΙΚΗΣ ΕΛΛΑΔΑΣ,ΑΙΤΩΛΟΑΚΑΡΝΑΝΙΑΣ,2024,115566.0,17630
ΔΥΤΙΚΗΣ ΕΛΛΑΔΑΣ,ΑΧΑΪΑΣ,2019,112074,27232
ΔΥΤΙΚΗΣ ΕΛΛΑΔΑΣ,ΑΧΑΪΑΣ,2020,93741,13508
ΔΥΤΙΚΗΣ ΕΛΛΑΔΑΣ,ΑΧΑΪΑΣ,2021,117837,21934
ΔΥΤΙΚΗΣ ΕΛΛΑΔΑΣ,ΑΧΑΪΑΣ,2022,167371.0,33485
ΔΥΤΙΚΗΣ ΕΛΛΑΔΑΣ,ΑΧΑΪΑΣ,2023,196729.0,37173
ΔΥΤΙΚΗΣ ΕΛΛΑΔΑΣ,ΑΧΑΪΑΣ,2024,198319.0,39299
ΔΥΤΙΚΗΣ ΕΛΛΑΔΑΣ,ΗΛΕΙΑΣ,2019,39788,28774
ΔΥΤΙΚΗΣ ΕΛΛΑΔΑΣ,ΗΛΕΙΑΣ,2020,29896,8563
ΔΥΤΙΚΗΣ ΕΛΛΑΔΑΣ,ΗΛΕΙΑΣ,2021,37296,17802
ΔΥΤΙΚΗΣ ΕΛΛΑΔΑΣ,ΗΛΕΙΑΣ,2022,57072.0,31577
ΔΥΤΙΚΗΣ ΕΛΛΑΔΑΣ,ΗΛΕΙΑΣ,2023,65394.0,35501
ΔΥΤΙΚΗΣ ΕΛΛΑΔΑΣ,ΗΛΕΙΑΣ,2024,69028.0,37957
ΔΥΤΙΚΗΣ ΜΑΚΕΔΟΝΙΑΣ,ΓΡΕΒΕΝΩΝ,2019,9075,3609
ΔΥΤΙΚΗΣ ΜΑΚΕΔΟΝΙΑΣ,ΓΡΕΒΕΝΩΝ,2020,7172,3191
ΔΥΤΙΚΗΣ ΜΑΚΕΔΟΝΙΑΣ,ΓΡΕΒΕΝΩΝ,2021,7112,1530
ΔΥΤΙΚΗΣ ΜΑΚΕΔΟΝΙΑΣ,ΓΡΕΒΕΝΩΝ,2022,10818.0,
ΔΥΤΙΚΗΣ ΜΑΚΕΔΟΝΙΑΣ,ΓΡΕΒΕΝΩΝ,2023,13082.0,1428
ΔΥΤΙΚΗΣ ΜΑΚΕΔΟΝΙΑΣ,ΓΡΕΒΕΝΩΝ,2024,12718.0,1552
ΔΥΤΙΚΗΣ ΜΑΚΕΔΟΝΙΑΣ,ΚΑΣΤΟΡΙΑΣ,2019,11001,9473
ΔΥΤΙΚΗΣ ΜΑΚΕΔΟΝΙΑΣ,ΚΑΣΤΟΡΙΑΣ,2020,7334,3602
ΔΥΤΙΚΗΣ ΜΑΚΕΔΟΝΙΑΣ,ΚΑΣΤΟΡΙΑΣ,2021,9482,4442
ΔΥΤΙΚΗΣ ΜΑΚΕΔΟΝΙΑΣ,ΚΑΣΤΟΡΙΑΣ,2022,15264.0,8158
ΔΥΤΙΚΗΣ ΜΑΚΕΔΟΝΙΑΣ,ΚΑΣΤΟΡΙΑΣ,2023,17540.0,11011
ΔΥΤΙΚΗΣ ΜΑΚΕΔΟΝΙΑΣ,ΚΑΣΤΟΡΙΑΣ,2024,18260.0,12238
ΔΥΤΙΚΗΣ ΜΑΚΕΔΟΝΙΑΣ,ΚΟΖΑΝΗΣ,2019,37798,13532
ΔΥΤΙΚΗΣ ΜΑΚΕΔΟΝΙΑΣ,ΚΟΖΑΝΗΣ,2020,30466,6752
ΔΥΤΙΚΗΣ ΜΑΚΕΔΟΝΙΑΣ,ΚΟΖΑΝΗΣ,2021,37286,10769
ΔΥΤΙΚΗΣ ΜΑΚΕΔΟΝΙΑΣ,ΚΟΖΑΝΗΣ,2022,55500.0,14990
ΔΥΤΙΚΗΣ ΜΑΚΕΔΟΝΙΑΣ,ΚΟΖΑΝΗΣ,2023,63681.0,17420
ΔΥΤΙΚΗΣ ΜΑΚΕΔΟΝΙΑΣ,ΚΟΖΑΝΗΣ,2024,63277.0,18158
ΔΥΤΙΚΗΣ ΜΑΚΕΔΟΝΙΑΣ,ΦΛΩΡΙΝΑΣ,2019,11527,2161
ΔΥΤΙΚΗΣ ΜΑΚΕΔΟΝΙΑΣ,ΦΛΩΡΙΝΑΣ,2020,9826,1545
ΔΥΤΙΚΗΣ ΜΑΚΕΔΟΝΙΑΣ,ΦΛΩΡΙΝΑΣ,2021,12173,1456
ΔΥΤΙΚΗΣ ΜΑΚΕΔΟΝΙΑΣ,ΦΛΩΡΙΝΑΣ,2022,18464.0,2644
ΔΥΤΙΚΗΣ ΜΑΚΕΔΟΝΙΑΣ,ΦΛΩΡΙΝΑΣ,2023,21033.0,3993
ΔΥΤΙΚΗΣ ΜΑΚΕΔΟΝΙΑΣ,ΦΛΩΡΙΝΑΣ,2024,22211.0,4471
ΗΠΕΙΡΟΥ,ΑΡΤΑΣ,2019,17647,2785
ΗΠΕΙΡΟΥ,ΑΡΤΑΣ,2020,14588,1499
ΗΠΕΙΡΟΥ,ΑΡΤΑΣ,2021,17620,2070
ΗΠΕΙΡΟΥ,ΑΡΤΑΣ,2022,23140.0,2898
ΗΠΕΙΡΟΥ,ΑΡΤΑΣ,2023,25784.0,3389
ΗΠΕΙΡΟΥ,ΑΡΤΑΣ,2024,24737.0,3987
ΗΠΕΙΡΟΥ,ΘΕΣΠΡΩΤΙΑΣ,2019,23904,15000
ΗΠΕΙΡΟΥ,ΘΕΣΠΡΩΤΙΑΣ,2020,17513,8212
ΗΠΕΙΡΟΥ,ΘΕΣΠΡΩΤΙΑΣ,2021,25743,13981
ΗΠΕΙΡΟΥ,ΘΕΣΠΡΩΤΙΑΣ,2022,34570.0,20465
ΗΠΕΙΡΟΥ,ΘΕΣΠΡΩΤΙΑΣ,2023,39353.0,23344
ΗΠΕΙΡΟΥ,ΘΕΣΠΡΩΤΙΑΣ,2024,39059.0,24438
ΗΠΕΙΡΟΥ,ΙΩΑΝΝΙΝΩΝ,2019,78166,34183
ΗΠΕΙΡΟΥ,ΙΩΑΝΝΙΝΩΝ,2020,56473,14096
ΗΠΕΙΡΟΥ,ΙΩΑΝΝΙΝΩΝ,2021,75784,23793
ΗΠΕΙΡΟΥ,ΙΩΑΝΝΙΝΩΝ,2022,116435.0,40342
ΗΠΕΙΡΟΥ,ΙΩΑΝΝΙΝΩΝ,2023,138384.0,44786
ΗΠΕΙΡΟΥ,ΙΩΑΝΝΙΝΩΝ,2024,137316.0,45715
ΗΠΕΙΡΟΥ,ΠΡΕΒΕΖΑΣ,2019,37445,31349
ΗΠΕΙΡΟΥ,ΠΡΕΒΕΖΑΣ,2020,25501,14420
ΗΠΕΙΡΟΥ,ΠΡΕΒΕΖΑΣ,2021,35928,28318
ΗΠΕΙΡΟΥ,ΠΡΕΒΕΖΑΣ,2022,53381.0,43176
ΗΠΕΙΡΟΥ,ΠΡΕΒΕΖΑΣ,2023,63662.0,50978
ΗΠΕΙΡΟΥ,ΠΡΕΒΕΖΑΣ,2024,67669.0,57117
ΘΕΣΣΑΛΙΑΣ,ΚΑΡΔΙΤΣΑΣ,2019,22928,6435
ΘΕΣΣΑΛΙΑΣ,ΚΑΡΔΙΤΣΑΣ,2020,17498,3073
ΘΕΣΣΑΛΙΑΣ,ΚΑΡΔΙΤΣΑΣ,2021,22268,4063
ΘΕΣΣΑΛΙΑΣ,ΚΑΡΔΙΤΣΑΣ,2022,31227.0,6443
ΘΕΣΣΑΛΙΑΣ,ΚΑΡΔΙΤΣΑΣ,2023,35841.0,7060
ΘΕΣΣΑΛΙΑΣ,ΚΑΡΔΙΤΣΑΣ,2024,36565.0,7904
ΘΕΣΣΑΛΙΑΣ,ΛΑΡΙΣΑΣ,2019,89997,12584
ΘΕΣΣΑΛΙΑΣ,ΛΑΡΙΣΑΣ,2020,71068,7841
ΘΕΣΣΑΛΙΑΣ,ΛΑΡΙΣΑΣ,2021,88862,10189
ΘΕΣΣΑΛΙΑΣ,ΛΑΡΙΣΑΣ,2022,129044.0,13457
ΘΕΣΣΑΛΙΑΣ,ΛΑΡΙΣΑΣ,2023,150588.0,16866
ΘΕΣΣΑΛΙΑΣ,ΛΑΡΙΣΑΣ,2024,159072.0,18115
ΘΕΣΣΑΛΙΑΣ,ΜΑΓΝΗΣΙΑΣ,2019,77956,35871
ΘΕΣΣΑΛΙΑΣ,ΜΑΓΝΗΣΙΑΣ,2020,64078,21090
ΘΕΣΣΑΛΙΑΣ,ΜΑΓΝΗΣΙΑΣ,2021,81123,29672
ΘΕΣΣΑΛΙΑΣ,ΜΑΓΝΗΣΙΑΣ,2022,117149.0,41378
ΘΕΣΣΑΛΙΑΣ,ΜΑΓΝΗΣΙΑΣ,2023,131276.0,45086
ΘΕΣΣΑΛΙΑΣ,ΜΑΓΝΗΣΙΑΣ,2024,139327.0,45580
ΘΕΣΣΑΛΙΑΣ,ΣΠΟΡΑΔΩΝ,2019,37078,58731
ΘΕΣΣΑΛΙΑΣ,ΣΠΟΡΑΔΩΝ,2020,16536,16504
ΘΕΣΣΑΛΙΑΣ,ΣΠΟΡΑΔΩΝ,2021,30895,42060
ΘΕΣΣΑΛΙΑΣ,ΣΠΟΡΑΔΩΝ,2022,56095.0,77786
ΘΕΣΣΑΛΙΑΣ,ΣΠΟΡΑΔΩΝ,2023,59695.0,85127
ΘΕΣΣΑΛΙΑΣ,ΣΠΟΡΑΔΩΝ,2024,60564.0,95026
ΘΕΣΣΑΛΙΑΣ,ΤΡΙΚΑΛΩΝ,2019,43964,18951
ΘΕΣΣΑΛΙΑΣ,ΤΡΙΚΑΛΩΝ,2020,29743,6761
ΘΕΣΣΑΛΙΑΣ,ΤΡΙΚΑΛΩΝ,2021,37905,10874
ΘΕΣΣΑΛΙΑΣ,ΤΡΙΚΑΛΩΝ,2022,59929.0,18502
ΘΕΣΣΑΛΙΑΣ,ΤΡΙΚΑΛΩΝ,2023,67918.0,24635
ΘΕΣΣΑΛΙΑΣ,ΤΡΙΚΑΛΩΝ,2024,70250.0,25122
ΙΟΝΙΩΝ ΝΗΣΩΝ,ΖΑΚΥΝΘΟΥ,2019,60646,197924
ΙΟΝΙΩΝ ΝΗΣΩΝ,ΖΑΚΥΝΘΟΥ,2020,25869,50243
ΙΟΝΙΩΝ ΝΗΣΩΝ,ΖΑΚΥΝΘΟΥ,2021,53008,134446
ΙΟΝΙΩΝ ΝΗΣΩΝ,ΖΑΚΥΝΘΟΥ,2022,103361.0,250861
ΙΟΝΙΩΝ ΝΗΣΩΝ,ΖΑΚΥΝΘΟΥ,2023,128256.0,309420
ΙΟΝΙΩΝ ΝΗΣΩΝ,ΖΑΚΥΝΘΟΥ,2024,134262.0,345564
ΙΟΝΙΩΝ ΝΗΣΩΝ,ΙΘΑΚΗΣ,2019,3244,2319
ΙΟΝΙΩΝ ΝΗΣΩΝ,ΙΘΑΚΗΣ,2020,2011,927
ΙΟΝΙΩΝ ΝΗΣΩΝ,ΙΘΑΚΗΣ,2021,3415,1741
ΙΟΝΙΩΝ ΝΗΣΩΝ,ΙΘΑΚΗΣ,2022,6267.0,2956
ΙΟΝΙΩΝ ΝΗΣΩΝ,ΙΘΑΚΗΣ,2023,7620.0,3456
ΙΟΝΙΩΝ ΝΗΣΩΝ,ΙΘΑΚΗΣ,2024,8341.0,3838
ΙΟΝΙΩΝ ΝΗΣΩΝ,ΚΕΡΚΥΡΑΣ,2019,119656,323650
ΙΟΝΙΩΝ ΝΗΣΩΝ,ΚΕΡΚΥΡΑΣ,2020,63862,94086
ΙΟΝΙΩΝ ΝΗΣΩΝ,ΚΕΡΚΥΡΑΣ,2021,118450,251629
ΙΟΝΙΩΝ ΝΗΣΩΝ,ΚΕΡΚΥΡΑΣ,2022,204407.0,435798
ΙΟΝΙΩΝ ΝΗΣΩΝ,ΚΕΡΚΥΡΑΣ,2023,233510.0,507571
ΙΟΝΙΩΝ ΝΗΣΩΝ,ΚΕΡΚΥΡΑΣ,2024,243900.0,576448
ΙΟΝΙΩΝ ΝΗΣΩΝ,ΚΕΦΑΛΛΗΝΙΑΣ,2019,46293,66439
ΙΟΝΙΩΝ ΝΗΣΩΝ,ΚΕΦΑΛΛΗΝΙΑΣ,2020,21006,21833
ΙΟΝΙΩΝ ΝΗΣΩΝ,ΚΕΦΑΛΛΗΝΙΑΣ,2021,36479,43094
ΙΟΝΙΩΝ ΝΗΣΩΝ,ΚΕΦΑΛΛΗΝΙΑΣ,2022,68761.0,92920
ΙΟΝΙΩΝ ΝΗΣΩΝ,ΚΕΦΑΛΛΗΝΙΑΣ,2023,75480.0,101763
ΙΟΝΙΩΝ ΝΗΣΩΝ,ΚΕΦΑΛΛΗΝΙΑΣ,2024,75940.0,109407
ΙΟΝΙΩΝ ΝΗΣΩΝ,ΛΕΥΚΑΔΑΣ,2019,36510,36190
ΙΟΝΙΩΝ ΝΗΣΩΝ,ΛΕΥΚΑΔΑΣ,2020,21973,16473
ΙΟΝΙΩΝ ΝΗΣΩΝ,ΛΕΥΚΑΔΑΣ,2021,37404,33636
ΙΟΝΙΩΝ ΝΗΣΩΝ,ΛΕΥΚΑΔΑΣ,2022,56589.0,51348
ΙΟΝΙΩΝ ΝΗΣΩΝ,ΛΕΥΚΑΔΑΣ,2023,62874.0,55932
ΙΟΝΙΩΝ ΝΗΣΩΝ,ΛΕΥΚΑΔΑΣ,2024,67048.0,57399
ΚΕΝΤΡΙΚΗΣ ΜΑΚΕΔΟΝΙΑΣ,ΗΜΑΘΙΑΣ,2019,33724,16462
ΚΕΝΤΡΙΚΗΣ ΜΑΚΕΔΟΝΙΑΣ,ΗΜΑΘΙΑΣ,2020,27657,9402
ΚΕΝΤΡΙΚΗΣ ΜΑΚΕΔΟΝΙΑΣ,ΗΜΑΘΙΑΣ,2021,33363,14883
ΚΕΝΤΡΙΚΗΣ ΜΑΚΕΔΟΝΙΑΣ,ΗΜΑΘΙΑΣ,2022,47630.0,19110
ΚΕΝΤΡΙΚΗΣ ΜΑΚΕΔΟΝΙΑΣ,ΗΜΑΘΙΑΣ,2023,57737.0,22673
ΚΕΝΤΡΙΚΗΣ ΜΑΚΕΔΟΝΙΑΣ,ΗΜΑΘΙΑΣ,2024,60695.0,29111
ΚΕΝΤΡΙΚΗΣ ΜΑΚΕΔΟΝΙΑΣ,ΘΕΣΣΑΛΟΝΙΚΗΣ,2019,537967,429648
ΚΕΝΤΡΙΚΗΣ ΜΑΚΕΔΟΝΙΑΣ,ΘΕΣΣΑΛΟΝΙΚΗΣ,2020,417998,124097
ΚΕΝΤΡΙΚΗΣ ΜΑΚΕΔΟΝΙΑΣ,ΘΕΣΣΑΛΟΝΙΚΗΣ,2021,540274,335325
ΚΕΝΤΡΙΚΗΣ ΜΑΚΕΔΟΝΙΑΣ,ΘΕΣΣΑΛΟΝΙΚΗΣ,2022,814188.0,510187
ΚΕΝΤΡΙΚΗΣ ΜΑΚΕΔΟΝΙΑΣ,ΘΕΣΣΑΛΟΝΙΚΗΣ,2023,923070.0,592365
ΚΕΝΤΡΙΚΗΣ ΜΑΚΕΔΟΝΙΑΣ,ΘΕΣΣΑΛΟΝΙΚΗΣ,2024,907947.0,620940
ΚΕΝΤΡΙΚΗΣ ΜΑΚΕΔΟΝΙΑΣ,ΚΙΛΚΙΣ,2019,17135,3910
ΚΕΝΤΡΙΚΗΣ ΜΑΚΕΔΟΝΙΑΣ,ΚΙΛΚΙΣ,2020,13225,2493
ΚΕΝΤΡΙΚΗΣ ΜΑΚΕΔΟΝΙΑΣ,ΚΙΛΚΙΣ,2021,14075,1944
ΚΕΝΤΡΙΚΗΣ ΜΑΚΕΔΟΝΙΑΣ,ΚΙΛΚΙΣ,2022,21516.0,2903
ΚΕΝΤΡΙΚΗΣ ΜΑΚΕΔΟΝΙΑΣ,ΚΙΛΚΙΣ,2023,24683.0,
ΚΕΝΤΡΙΚΗΣ ΜΑΚΕΔΟΝΙΑΣ,ΚΙΛΚΙΣ,2024,27346.0,5377
ΚΕΝΤΡΙΚΗΣ ΜΑΚΕΔΟΝΙΑΣ,ΠΕΛΛΑΣ,2019,29740,7658
ΚΕΝΤΡΙΚΗΣ ΜΑΚΕΔΟΝΙΑΣ,ΠΕΛΛΑΣ,2020,24329,6555
ΚΕΝΤΡΙΚΗΣ ΜΑΚΕΔΟΝΙΑΣ,ΠΕΛΛΑΣ,2021,29928,7388
ΚΕΝΤΡΙΚΗΣ ΜΑΚΕΔΟΝΙΑΣ,ΠΕΛΛΑΣ,2022,46239.0,9046
ΚΕΝΤΡΙΚΗΣ ΜΑΚΕΔΟΝΙΑΣ,ΠΕΛΛΑΣ,2023,54047.0,11737
ΚΕΝΤΡΙΚΗΣ ΜΑΚΕΔΟΝΙΑΣ,ΠΕΛΛΑΣ,2024,56479.0,12239
ΚΕΝΤΡΙΚΗΣ ΜΑΚΕΔΟΝΙΑΣ,ΠΙΕΡΙΑΣ,2019,70120,65516
ΚΕΝΤΡΙΚΗΣ ΜΑΚΕΔΟΝΙΑΣ,ΠΙΕΡΙΑΣ,2020,46943,21820
ΚΕΝΤΡΙΚΗΣ ΜΑΚΕΔΟΝΙΑΣ,ΠΙΕΡΙΑΣ,2021,63072,45808
ΚΕΝΤΡΙΚΗΣ ΜΑΚΕΔΟΝΙΑΣ,ΠΙΕΡΙΑΣ,2022,95274.0,73830
ΚΕΝΤΡΙΚΗΣ ΜΑΚΕΔΟΝΙΑΣ,ΠΙΕΡΙΑΣ,2023,112669.0,83183
ΚΕΝΤΡΙΚΗΣ ΜΑΚΕΔΟΝΙΑΣ,ΠΙΕΡΙΑΣ,2024,113991.0,89420
ΚΕΝΤΡΙΚΗΣ ΜΑΚΕΔΟΝΙΑΣ,ΣΕΡΡΩΝ,2019,35099,7778
ΚΕΝΤΡΙΚΗΣ ΜΑΚΕΔΟΝΙΑΣ,ΣΕΡΡΩΝ,2020,28970,5439
ΚΕΝΤΡΙΚΗΣ ΜΑΚΕΔΟΝΙΑΣ,ΣΕΡΡΩΝ,2021,35448,4472
ΚΕΝΤΡΙΚΗΣ ΜΑΚΕΔΟΝΙΑΣ,ΣΕΡΡΩΝ,2022,54007.0,7063
ΚΕΝΤΡΙΚΗΣ ΜΑΚΕΔΟΝΙΑΣ,ΣΕΡΡΩΝ,2023,61750.0,8420
ΚΕΝΤΡΙΚΗΣ ΜΑΚΕΔΟΝΙΑΣ,ΣΕΡΡΩΝ,2024,57694.0,8552
ΚΕΝΤΡΙΚΗΣ ΜΑΚΕΔΟΝΙΑΣ,ΧΑΛΚΙΔΙΚΗΣ,2019,108052,219460
ΚΕΝΤΡΙΚΗΣ ΜΑΚΕΔΟΝΙΑΣ,ΧΑΛΚΙΔΙΚΗΣ,2020,71751,58070
ΚΕΝΤΡΙΚΗΣ ΜΑΚΕΔΟΝΙΑΣ,ΧΑΛΚΙΔΙΚΗΣ,2021,118471,170093
ΚΕΝΤΡΙΚΗΣ ΜΑΚΕΔΟΝΙΑΣ,ΧΑΛΚΙΔΙΚΗΣ,2022,172366.0,245892
ΚΕΝΤΡΙΚΗΣ ΜΑΚΕΔΟΝΙΑΣ,ΧΑΛΚΙΔΙΚΗΣ,2023,195301.0,299656
ΚΕΝΤΡΙΚΗΣ ΜΑΚΕΔΟΝΙΑΣ,ΧΑΛΚΙΔΙΚΗΣ,2024,204550.0,325509
ΚΡΗΤΗΣ,ΗΡΑΚΛΕΙΟΥ,2019,162230,588631
ΚΡΗΤΗΣ,ΗΡΑΚΛΕΙΟΥ,2020,109459,195990
ΚΡΗΤΗΣ,ΗΡΑΚΛΕΙΟΥ,2021,156851,493922
ΚΡΗΤΗΣ,ΗΡΑΚΛΕΙΟΥ,2022,241884.0,774411
ΚΡΗΤΗΣ,ΗΡΑΚΛΕΙΟΥ,2023,279300.0,872053
ΚΡΗΤΗΣ,ΗΡΑΚΛΕΙΟΥ,2024,298707.0,987466
ΚΡΗΤΗΣ,ΛΑΣΙΘΙΟΥ,2019,50697,224783
ΚΡΗΤΗΣ,ΛΑΣΙΘΙΟΥ,2020,30161,68164
ΚΡΗΤΗΣ,ΛΑΣΙΘΙΟΥ,2021,47655,211246
ΚΡΗΤΗΣ,ΛΑΣΙΘΙΟΥ,2022,73836.0,295658
ΚΡΗΤΗΣ,ΛΑΣΙΘΙΟΥ,2023,85816.0,331327
ΚΡΗΤΗΣ,ΛΑΣΙΘΙΟΥ,2024,91449.0,378043
ΚΡΗΤΗΣ,ΡΕΘΥΜΝΟΥ,2019,79883,246731
ΚΡΗΤΗΣ,ΡΕΘΥΜΝΟΥ,2020,45418,66210
ΚΡΗΤΗΣ,ΡΕΘΥΜΝΟΥ,2021,72940,184883
ΚΡΗΤΗΣ,ΡΕΘΥΜΝΟΥ,2022,118318.0,311043
ΚΡΗΤΗΣ,ΡΕΘΥΜΝΟΥ,2023,129561.0,348693
ΚΡΗΤΗΣ,ΡΕΘΥΜΝΟΥ,2024,140923.0,374827
ΚΡΗΤΗΣ,ΧΑΝΙΩΝ,2019,152035,348904
ΚΡΗΤΗΣ,ΧΑΝΙΩΝ,2020,83234,92608
ΚΡΗΤΗΣ,ΧΑΝΙΩΝ,2021,142479,253528
ΚΡΗΤΗΣ,ΧΑΝΙΩΝ,2022,232313.0,452993
ΚΡΗΤΗΣ,ΧΑΝΙΩΝ,2023,263235.0,501118
ΚΡΗΤΗΣ,ΧΑΝΙΩΝ,2024,277510.0,544219
ΝΟΤΙΟΥ ΑΙΓΑΙΟΥ,ΑΝΔΡΟΥ,2019,9073,5758
ΝΟΤΙΟΥ ΑΙΓΑΙΟΥ,ΑΝΔΡΟΥ,2020,6549,3748
ΝΟΤΙΟΥ ΑΙΓΑΙΟΥ,ΑΝΔΡΟΥ,2021,10567,6270
ΝΟΤΙΟΥ ΑΙΓΑΙΟΥ,ΑΝΔΡΟΥ,2022,13993.0,8261
ΝΟΤΙΟΥ ΑΙΓΑΙΟΥ,ΑΝΔΡΟΥ,2023,15115.0,8331
ΝΟΤΙΟΥ ΑΙΓΑΙΟΥ,ΑΝΔΡΟΥ,2024,14683.0,8007
ΝΟΤΙΟΥ ΑΙΓΑΙΟΥ,ΘΗΡΑΣ,2019,135543,370193
ΝΟΤΙΟΥ ΑΙΓΑΙΟΥ,ΘΗΡΑΣ,2020,43653,94012
ΝΟΤΙΟΥ ΑΙΓΑΙΟΥ,ΘΗΡΑΣ,2021,123387,302131
ΝΟΤΙΟΥ ΑΙΓΑΙΟΥ,ΘΗΡΑΣ,2022,216893.0,548436
ΝΟΤΙΟΥ ΑΙΓΑΙΟΥ,ΘΗΡΑΣ,2023,227682.0,543732
ΝΟΤΙΟΥ ΑΙΓΑΙΟΥ,ΘΗΡΑΣ,2024,212406.0,492378
ΝΟΤΙΟΥ ΑΙΓΑΙΟΥ,ΚΑΛΥΜΝΟΥ,2019,20463,11722
ΝΟΤΙΟΥ ΑΙΓΑΙΟΥ,ΚΑΛΥΜΝΟΥ,2020,12898,4562
ΝΟΤΙΟΥ ΑΙΓΑΙΟΥ,ΚΑΛΥΜΝΟΥ,2021,21741,9076
ΝΟΤΙΟΥ ΑΙΓΑΙΟΥ,ΚΑΛΥΜΝΟΥ,2022,32253.0,17902
ΝΟΤΙΟΥ ΑΙΓΑΙΟΥ,ΚΑΛΥΜΝΟΥ,2023,42163.0,22625
ΝΟΤΙΟΥ ΑΙΓΑΙΟΥ,ΚΑΛΥΜΝΟΥ,2024,43784.0,24482
ΝΟΤΙΟΥ ΑΙΓΑΙΟΥ,ΚΑΡΠΑΘΟΥ,2019,9893,24985
ΝΟΤΙΟΥ ΑΙΓΑΙΟΥ,ΚΑΡΠΑΘΟΥ,2020,3384,4165
ΝΟΤΙΟΥ ΑΙΓΑΙΟΥ,ΚΑΡΠΑΘΟΥ,2021,8748,14890
ΝΟΤΙΟΥ ΑΙΓΑΙΟΥ,ΚΑΡΠΑΘΟΥ,2022,14320.0,28801
ΝΟΤΙΟΥ ΑΙΓΑΙΟΥ,ΚΑΡΠΑΘΟΥ,2023,15774.0,34751
ΝΟΤΙΟΥ ΑΙΓΑΙΟΥ,ΚΑΡΠΑΘΟΥ,2024,18418.0,37082
ΝΟΤΙΟΥ ΑΙΓΑΙΟΥ,ΚΕΑΣ - ΚΥΘΝΟΥ,2019,7347,3011
ΝΟΤΙΟΥ ΑΙΓΑΙΟΥ,ΚΕΑΣ - ΚΥΘΝΟΥ,2020,6963,2105
ΝΟΤΙΟΥ ΑΙΓΑΙΟΥ,ΚΕΑΣ - ΚΥΘΝΟΥ,2021,10837,3900
ΝΟΤΙΟΥ ΑΙΓΑΙΟΥ,ΚΕΑΣ - ΚΥΘΝΟΥ,2022,14140.0,6315
ΝΟΤΙΟΥ ΑΙΓΑΙΟΥ,ΚΕΑΣ - ΚΥΘΝΟΥ,2023,14891.0,6969
ΝΟΤΙΟΥ ΑΙΓΑΙΟΥ,ΚΕΑΣ - ΚΥΘΝΟΥ,2024,16138.0,6758
ΝΟΤΙΟΥ ΑΙΓΑΙΟΥ,ΚΩ,2019,48520,324232
ΝΟΤΙΟΥ ΑΙΓΑΙΟΥ,ΚΩ,2020,23678,89952
ΝΟΤΙΟΥ ΑΙΓΑΙΟΥ,ΚΩ,2021,44857,221564
ΝΟΤΙΟΥ ΑΙΓΑΙΟΥ,ΚΩ,2022,83925.0,409161
ΝΟΤΙΟΥ ΑΙΓΑΙΟΥ,ΚΩ,2023,96623.0,446349
ΝΟΤΙΟΥ ΑΙΓΑΙΟΥ,ΚΩ,2024,108640.0,496001
ΝΟΤΙΟΥ ΑΙΓΑΙΟΥ,ΜΗΛΟΥ,2019,23211,31334
ΝΟΤΙΟΥ ΑΙΓΑΙΟΥ,ΜΗΛΟΥ,2020,16461,15553
ΝΟΤΙΟΥ ΑΙΓΑΙΟΥ,ΜΗΛΟΥ,2021,32347,35328
ΝΟΤΙΟΥ ΑΙΓΑΙΟΥ,ΜΗΛΟΥ,2022,44590.0,51468
ΝΟΤΙΟΥ ΑΙΓΑΙΟΥ,ΜΗΛΟΥ,2023,48826.0,60290
ΝΟΤΙΟΥ ΑΙΓΑΙΟΥ,ΜΗΛΟΥ,2024,52175.0,65161
ΝΟΤΙΟΥ ΑΙΓΑΙΟΥ,ΜΥΚΟΝΟΥ,2019,131048,261827
ΝΟΤΙΟΥ ΑΙΓΑΙΟΥ,ΜΥΚΟΝΟΥ,2020,49292,55097
ΝΟΤΙΟΥ ΑΙΓΑΙΟΥ,ΜΥΚΟΝΟΥ,2021,147454,223302
ΝΟΤΙΟΥ ΑΙΓΑΙΟΥ,ΜΥΚΟΝΟΥ,2022,233691.0,377723
ΝΟΤΙΟΥ ΑΙΓΑΙΟΥ,ΜΥΚΟΝΟΥ,2023,197347.0,339903
ΝΟΤΙΟΥ ΑΙΓΑΙΟΥ,ΜΥΚΟΝΟΥ,2024,182634.0,314077
ΝΟΤΙΟΥ ΑΙΓΑΙΟΥ,ΝΑΞΟΥ,2019,40249,54170
ΝΟΤΙΟΥ ΑΙΓΑΙΟΥ,ΝΑΞΟΥ,2020,19927,16951
ΝΟΤΙΟΥ ΑΙΓΑΙΟΥ,ΝΑΞΟΥ,2021,38970,44613
ΝΟΤΙΟΥ ΑΙΓΑΙΟΥ,ΝΑΞΟΥ,2022,62720.0,74782
ΝΟΤΙΟΥ ΑΙΓΑΙΟΥ,ΝΑΞΟΥ,2023,69388.0,82932
ΝΟΤΙΟΥ ΑΙΓΑΙΟΥ,ΝΑΞΟΥ,2024,78121.0,85726
ΝΟΤΙΟΥ ΑΙΓΑΙΟΥ,ΠΑΡΟΥ,2019,50451,49124
ΝΟΤΙΟΥ ΑΙΓΑΙΟΥ,ΠΑΡΟΥ,2020,25255,16980
ΝΟΤΙΟΥ ΑΙΓΑΙΟΥ,ΠΑΡΟΥ,2021,57790,47751
ΝΟΤΙΟΥ ΑΙΓΑΙΟΥ,ΠΑΡΟΥ,2022,91882.0,75797
ΝΟΤΙΟΥ ΑΙΓΑΙΟΥ,ΠΑΡΟΥ,2023,104346.0,89077
ΝΟΤΙΟΥ ΑΙΓΑΙΟΥ,ΠΑΡΟΥ,2024,108845.0,92801
ΝΟΤΙΟΥ ΑΙΓΑΙΟΥ,ΡΟΔΟΥ,2019,144652,814992
ΝΟΤΙΟΥ ΑΙΓΑΙΟΥ,ΡΟΔΟΥ,2020,74633,225749
ΝΟΤΙΟΥ ΑΙΓΑΙΟΥ,ΡΟΔΟΥ,2021,129950,604741
ΝΟΤΙΟΥ ΑΙΓΑΙΟΥ,ΡΟΔΟΥ,2022,228815.0,1051481
ΝΟΤΙΟΥ ΑΙΓΑΙΟΥ,ΡΟΔΟΥ,2023,246534.0,1087198
ΝΟΤΙΟΥ ΑΙΓΑΙΟΥ,ΡΟΔΟΥ,2024,288283.0,1347443
ΝΟΤΙΟΥ ΑΙΓΑΙΟΥ,ΣΥΡΟΥ,2019,19920,10160
ΝΟΤΙΟΥ ΑΙΓΑΙΟΥ,ΣΥΡΟΥ,2020,15355,5605
ΝΟΤΙΟΥ ΑΙΓΑΙΟΥ,ΣΥΡΟΥ,2021,26332,10770
ΝΟΤΙΟΥ ΑΙΓΑΙΟΥ,ΣΥΡΟΥ,2022,34079.0,15608
ΝΟΤΙΟΥ ΑΙΓΑΙΟΥ,ΣΥΡΟΥ,2023,35781.0,17196
ΝΟΤΙΟΥ ΑΙΓΑΙΟΥ,ΣΥΡΟΥ,2024,36931.0,19241
ΝΟΤΙΟΥ ΑΙΓΑΙΟΥ,ΤΗΝΟΥ,2019,12656,7196
ΝΟΤΙΟΥ ΑΙΓΑΙΟΥ,ΤΗΝΟΥ,2020,8079,3899
ΝΟΤΙΟΥ ΑΙΓΑΙΟΥ,ΤΗΝΟΥ,2021,14992,7631
ΝΟΤΙΟΥ ΑΙΓΑΙΟΥ,ΤΗΝΟΥ,2022,21553.0,11212
ΝΟΤΙΟΥ ΑΙΓΑΙΟΥ,ΤΗΝΟΥ,2023,24734.0,13176
ΝΟΤΙΟΥ ΑΙΓΑΙΟΥ,ΤΗΝΟΥ,2024,27711.0,13398
ΠΕΛΟΠΟΝΝΗΣΟΥ,ΑΡΓΟΛΙΔΑΣ,2019,66871,36663
ΠΕΛΟΠΟΝΝΗΣΟΥ,ΑΡΓΟΛΙΔΑΣ,2020,48985,16273
ΠΕΛΟΠΟΝΝΗΣΟΥ,ΑΡΓΟΛΙΔΑΣ,2021,64752,28197
ΠΕΛΟΠΟΝΝΗΣΟΥ,ΑΡΓΟΛΙΔΑΣ,2022,93046.0,40781
ΠΕΛΟΠΟΝΝΗΣΟΥ,ΑΡΓΟΛΙΔΑΣ,2023,107624.0,45050
ΠΕΛΟΠΟΝΝΗΣΟΥ,ΑΡΓΟΛΙΔΑΣ,2024,110714.0,47824
ΠΕΛΟΠΟΝΝΗΣΟΥ,ΑΡΚΑΔΙΑΣ,2019,34250,6965
ΠΕΛΟΠΟΝΝΗΣΟΥ,ΑΡΚΑΔΙΑΣ,2020,27086,5413
ΠΕΛΟΠΟΝΝΗΣΟΥ,ΑΡΚΑΔΙΑΣ,2021,32339,5872
ΠΕΛΟΠΟΝΝΗΣΟΥ,ΑΡΚΑΔΙΑΣ,2022,46102.0,9022
ΠΕΛΟΠΟΝΝΗΣΟΥ,ΑΡΚΑΔΙΑΣ,2023,54964.0,10772
ΠΕΛΟΠΟΝΝΗΣΟΥ,ΑΡΚΑΔΙΑΣ,2024,57027.0,11317
ΠΕΛΟΠΟΝΝΗΣΟΥ,ΚΟΡΙΝΘΙΑΣ,2019,76101,16311
ΠΕΛΟΠΟΝΝΗΣΟΥ,ΚΟΡΙΝΘΙΑΣ,2020,69670,8243
ΠΕΛΟΠΟΝΝΗΣΟΥ,ΚΟΡΙΝΘΙΑΣ,2021,83885,12593
ΠΕΛΟΠΟΝΝΗΣΟΥ,ΚΟΡΙΝΘΙΑΣ,2022,121269.0,22965
ΠΕΛΟΠΟΝΝΗΣΟΥ,ΚΟΡΙΝΘΙΑΣ,2023,149846.0,30974
ΠΕΛΟΠΟΝΝΗΣΟΥ,ΚΟΡΙΝΘΙΑΣ,2024,138523.0,34548
ΠΕΛΟΠΟΝΝΗΣΟΥ,ΛΑΚΩΝΙΑΣ,2019,41572,22413
ΠΕΛΟΠΟΝΝΗΣΟΥ,ΛΑΚΩΝΙΑΣ,2020,35129,14526
ΠΕΛΟΠΟΝΝΗΣΟΥ,ΛΑΚΩΝΙΑΣ,2021,40994,21933
ΠΕΛΟΠΟΝΝΗΣΟΥ,ΛΑΚΩΝΙΑΣ,2022,59153.0,32273
ΠΕΛΟΠΟΝΝΗΣΟΥ,ΛΑΚΩΝΙΑΣ,2023,71403.0,36943
ΠΕΛΟΠΟΝΝΗΣΟΥ,ΛΑΚΩΝΙΑΣ,2024,75124.0,41482
ΠΕΛΟΠΟΝΝΗΣΟΥ,ΜΕΣΣΗΝΙΑΣ,2019,91228,42906
ΠΕΛΟΠΟΝΝΗΣΟΥ,ΜΕΣΣΗΝΙΑΣ,2020,71231,22203
ΠΕΛΟΠΟΝΝΗΣΟΥ,ΜΕΣΣΗΝΙΑΣ,2021,91959,35666
ΠΕΛΟΠΟΝΝΗΣΟΥ,ΜΕΣΣΗΝΙΑΣ,2022,136352.0,52664
ΠΕΛΟΠΟΝΝΗΣΟΥ,ΜΕΣΣΗΝΙΑΣ,2023,155507.0,58630
ΠΕΛΟΠΟΝΝΗΣΟΥ,ΜΕΣΣΗΝΙΑΣ,2024,163596.0,64704
ΣΤΕΡΕΑΣ ΕΛΛΑΔΑΣ,ΒΟΙΩΤΙΑΣ,2019,30926,6642
ΣΤΕΡΕΑΣ ΕΛΛΑΔΑΣ,ΒΟΙΩΤΙΑΣ,2020,26672,3238
ΣΤΕΡΕΑΣ ΕΛΛΑΔΑΣ,ΒΟΙΩΤΙΑΣ,2021,33504,5091
ΣΤΕΡΕΑΣ ΕΛΛΑΔΑΣ,ΒΟΙΩΤΙΑΣ,2022,49218.0,9037
ΣΤΕΡΕΑΣ ΕΛΛΑΔΑΣ,ΒΟΙΩΤΙΑΣ,2023,58224.0,9525
ΣΤΕΡΕΑΣ ΕΛΛΑΔΑΣ,ΒΟΙΩΤΙΑΣ,2024,59970.0,10384
ΣΤΕΡΕΑΣ ΕΛΛΑΔΑΣ,ΕΥΒΟΙΑΣ,2019,86331,29771
ΣΤΕΡΕΑΣ ΕΛΛΑΔΑΣ,ΕΥΒΟΙΑΣ,2020,77242,18695
ΣΤΕΡΕΑΣ ΕΛΛΑΔΑΣ,ΕΥΒΟΙΑΣ,2021,89092,24399
ΣΤΕΡΕΑΣ ΕΛΛΑΔΑΣ,ΕΥΒΟΙΑΣ,2022,126783.0,36017
ΣΤΕΡΕΑΣ ΕΛΛΑΔΑΣ,ΕΥΒΟΙΑΣ,2023,151011.0,49176
ΣΤΕΡΕΑΣ ΕΛΛΑΔΑΣ,ΕΥΒΟΙΑΣ,2024,155630.0,48758
ΣΤΕΡΕΑΣ ΕΛΛΑΔΑΣ,ΕΥΡΥΤΑΝΙΑΣ,2019,4313,2367
ΣΤΕΡΕΑΣ ΕΛΛΑΔΑΣ,ΕΥΡΥΤΑΝΙΑΣ,2020,3407,1507
ΣΤΕΡΕΑΣ ΕΛΛΑΔΑΣ,ΕΥΡΥΤΑΝΙΑΣ,2021,4081,2184
ΣΤΕΡΕΑΣ ΕΛΛΑΔΑΣ,ΕΥΡΥΤΑΝΙΑΣ,2022,6674.0,3553
ΣΤΕΡΕΑΣ ΕΛΛΑΔΑΣ,ΕΥΡΥΤΑΝΙΑΣ,2023,7431.0,4157
ΣΤΕΡΕΑΣ ΕΛΛΑΔΑΣ,ΕΥΡΥΤΑΝΙΑΣ,2024,7949.0,4428
ΣΤΕΡΕΑΣ ΕΛΛΑΔΑΣ,ΦΘΙΩΤΙΔΑΣ,2019,46381,12466
ΣΤΕΡΕΑΣ ΕΛΛΑΔΑΣ,ΦΘΙΩΤΙΔΑΣ,2020,38578,6601
ΣΤΕΡΕΑΣ ΕΛΛΑΔΑΣ,ΦΘΙΩΤΙΔΑΣ,2021,44718,8512
ΣΤΕΡΕΑΣ ΕΛΛΑΔΑΣ,ΦΘΙΩΤΙΔΑΣ,2022,61160.0,11967
ΣΤΕΡΕΑΣ ΕΛΛΑΔΑΣ,ΦΘΙΩΤΙΔΑΣ,2023,74050.0,14374
ΣΤΕΡΕΑΣ ΕΛΛΑΔΑΣ,ΦΘΙΩΤΙΔΑΣ,2024,79120.0,15424
ΣΤΕΡΕΑΣ ΕΛΛΑΔΑΣ,ΦΩΚΙΔΑΣ,2019,17529,8681
ΣΤΕΡΕΑΣ ΕΛΛΑΔΑΣ,ΦΩΚΙΔΑΣ,2020,12734,3376
ΣΤΕΡΕΑΣ ΕΛΛΑΔΑΣ,ΦΩΚΙΔΑΣ,2021,16196,5411
ΣΤΕΡΕΑΣ ΕΛΛΑΔΑΣ,ΦΩΚΙΔΑΣ,2022,25053.0,9731
ΣΤΕΡΕΑΣ ΕΛΛΑΔΑΣ,ΦΩΚΙΔΑΣ,2023,28479.0,11574
ΣΤΕΡΕΑΣ ΕΛΛΑΔΑΣ,ΦΩΚΙΔΑΣ,2024,31002.0,12060
