NUTS_label,NUTS_level,year,Turnover_Catering,Turnover_Accomodation,Turnover_Catering_pct_diff,Turnover_Accomodation_pct_diff
Αττική,1,2019,2447373,1674803,NA,NA
Αττική,1,2020,1848473,732109,-24.47113701099097,-56.28685881264841
Αττική,1,2021,2436255,1274737,31.798246444497703,74.11847142980076
Αττική,1,2022,3698547,2233624,51.812802846992625,75.22233998071759
Αττική,1,2023,4408579,2631652,19.197593000710818,17.81983001615312
Αττική,1,2024,4464743,2871918,1.273970592338257,9.129854555237547
Βόρεια Ελλάδα,1,2019,1275458,967903,NA,NA
Βόρεια Ελλάδα,1,2020,963510,326132,-24.45772420573629,-66.30530125436124
Βόρεια Ελλάδα,1,2021,1264176,745144,31.20528069246816,128.4792660640477
Βόρεια Ελλάδα,1,2022,1882467,1123765,48.90861715457341,50.81178939909602
Βόρεια Ελλάδα,1,2023,2165710,1322156,15.046372658856702,17.654135873603465
Βόρεια Ελλάδα,1,2024,2180284,1400302,0.6729432841885571,5.91049770223786
Κεντρική Ελλάδα,1,2019,1252652,1011954,NA,NA
Κεντρική Ελλάδα,1,2020,922208,367912,-26.379553140058054,-63.64340671611556
Κεντρική Ελλάδα,1,2021,1227317,759854,33.08461865435997,106.53145317358499
Κεντρική Ελλάδα,1,2022,1870127,1299494,52.37522172348301,71.0189062635717
Κεντρική Ελλάδα,1,2023,2183654,1517762,16.765011146301827,16.79638382324197
Κεντρική Ελλάδα,1,2024,2256837,1670218,3.3514009087520273,10.044789631048873
"Νησιά Αιγαίου, Κρήτη",1,2019,1217894,3461180,NA,NA
"Νησιά Αιγαίου, Κρήτη",1,2020,620316,985607,-49.066503324591466,-71.52396003675047
"Νησιά Αιγαίου, Κρήτη",1,2021,1149650,2715168,85.33295933040579,175.48180968682243
"Νησιά Αιγαίου, Κρήτη",1,2022,1912284,4606914,66.33618927499674,69.67325778736343
"Νησιά Αιγαίου, Κρήτη",1,2023,2089900,4908475,9.288160126843085,6.545835238079113
"Νησιά Αιγαίου, Κρήτη",1,2024,2215368,5424723,6.003540839274606,10.517482517482518
ΑΝΑΤΟΛΙΚΗΣ ΜΑΚΕΔΟΝΙΑΣ ΚΑΙ ΘΡΑΚΗΣ,2,2019,217058,105379,NA,NA
ΑΝΑΤΟΛΙΚΗΣ ΜΑΚΕΔΟΝΙΑΣ ΚΑΙ ΘΡΑΚΗΣ,2,2020,163764,44939,-24.55288448248855,-57.35488095351066
ΑΝΑΤΟΛΙΚΗΣ ΜΑΚΕΔΟΝΙΑΣ ΚΑΙ ΘΡΑΚΗΣ,2,2021,208417,78872,27.266676436823722,75.50902334275351
ΑΝΑΤΟΛΙΚΗΣ ΜΑΚΕΔΟΝΙΑΣ ΚΑΙ ΘΡΑΚΗΣ,2,2022,303675,123061,45.705484677353574,56.026219697738114
ΑΝΑΤΟΛΙΚΗΣ ΜΑΚΕΔΟΝΙΑΣ ΚΑΙ ΘΡΑΚΗΣ,2,2023,353934,147773,16.5502593232897,20.081097992052722
ΑΝΑΤΟΛΙΚΗΣ ΜΑΚΕΔΟΝΙΑΣ ΚΑΙ ΘΡΑΚΗΣ,2,2024,366335,141478,3.5037605881322507,-4.259912162573677
ΑΤΤΙΚΗΣ,2,2019,2447373,1674803,NA,NA
ΑΤΤΙΚΗΣ,2,2020,1848473,732109,-24.47113701099097,-56.28685881264841
ΑΤΤΙΚΗΣ,2,2021,2436255,1274737,31.798246444497703,74.11847142980076
ΑΤΤΙΚΗΣ,2,2022,3698547,2233624,51.812802846992625,75.22233998071759
ΑΤΤΙΚΗΣ,2,2023,4408579,2631652,19.197593000710818,17.81983001615312
ΑΤΤΙΚΗΣ,2,2024,4464743,2871918,1.273970592338257,9.129854555237547
ΒΟΡΕΙΟΥ ΑΙΓΑΙΟΥ,2,2019,120023,83427,NA,NA
ΒΟΡΕΙΟΥ ΑΙΓΑΙΟΥ,2,2020,45917,24257,-61.7431658932038,-70.92428110803456
ΒΟΡΕΙΟΥ ΑΙΓΑΙΟΥ,2,2021,61753,39622,34.48831587429492,63.342540297646046
ΒΟΡΕΙΟΥ ΑΙΓΑΙΟΥ,2,2022,153079,95862,147.8891713762894,141.9413457170259
ΒΟΡΕΙΟΥ ΑΙΓΑΙΟΥ,2,2023,192784,102755,25.93758778147231,7.190544741399095
ΒΟΡΕΙΟΥ ΑΙΓΑΙΟΥ,2,2024,218010,137613,13.085110797576563,33.92341005303878
ΔΥΤΙΚΗΣ ΕΛΛΑΔΑΣ,2,2019,218878,67675,NA,NA
ΔΥΤΙΚΗΣ ΕΛΛΑΔΑΣ,2,2020,177830,29006,-18.753826332477452,-57.13926856298486
ΔΥΤΙΚΗΣ ΕΛΛΑΔΑΣ,2,2021,215988,48592,21.457571838272507,67.52396055988416
ΔΥΤΙΚΗΣ ΕΛΛΑΔΑΣ,2,2022,312488,80035,44.67840805970702,64.70818241685873
ΔΥΤΙΚΗΣ ΕΛΛΑΔΑΣ,2,2023,372057,89671,19.062812011981258,12.039732616980071
ΔΥΤΙΚΗΣ ΕΛΛΑΔΑΣ,2,2024,382913,94886,2.9178324826572273,5.815704073780821
ΔΥΤΙΚΗΣ ΜΑΚΕΔΟΝΙΑΣ,2,2019,69401,28775,NA,NA
ΔΥΤΙΚΗΣ ΜΑΚΕΔΟΝΙΑΣ,2,2020,54798,15090,-21.0414835521102,-47.55864465682016
ΔΥΤΙΚΗΣ ΜΑΚΕΔΟΝΙΑΣ,2,2021,66053,18197,20.53907076900617,20.58979456593771
ΔΥΤΙΚΗΣ ΜΑΚΕΔΟΝΙΑΣ,2,2022,100046,25792,51.46321893025297,41.737649063032364
ΔΥΤΙΚΗΣ ΜΑΚΕΔΟΝΙΑΣ,2,2023,115336,33852,15.282969833876416,31.25
ΔΥΤΙΚΗΣ ΜΑΚΕΔΟΝΙΑΣ,2,2024,116466,36419,0.9797461330373864,7.583008389460002
ΗΠΕΙΡΟΥ,2,2019,157162,83317,NA,NA
ΗΠΕΙΡΟΥ,2,2020,114075,38227,-27.415660274112064,-54.118607247020414
ΗΠΕΙΡΟΥ,2,2021,155075,68162,35.94126671049748,78.3085253878149
ΗΠΕΙΡΟΥ,2,2022,227526,106881,46.71997420602934,56.804377805815555
ΗΠΕΙΡΟΥ,2,2023,267183,122497,17.429656390917962,14.610641741750172
ΗΠΕΙΡΟΥ,2,2024,268781,131257,0.5980919444725151,7.1511955394825995
ΘΕΣΣΑΛΙΑΣ,2,2019,271923,132572,NA,NA
ΘΕΣΣΑΛΙΑΣ,2,2020,198923,55269,-26.845835034182468,-58.31020124913254
ΘΕΣΣΑΛΙΑΣ,2,2021,261053,96858,31.233190732092318,75.24833089073441
ΘΕΣΣΑΛΙΑΣ,2,2022,393444,157566,50.71422278234689,62.67732143963328
ΘΕΣΣΑΛΙΑΣ,2,2023,445318,178774,13.184595520582345,13.459756546463069
ΘΕΣΣΑΛΙΑΣ,2,2024,465778,191747,4.594469570060046,7.256648058442503
ΙΟΝΙΩΝ ΝΗΣΩΝ,2,2019,266349,626522,NA,NA
ΙΟΝΙΩΝ ΝΗΣΩΝ,2,2020,134721,183562,-49.419370825495875,-70.70142788281976
ΙΟΝΙΩΝ ΝΗΣΩΝ,2,2021,248756,464546,84.64530399863422,153.07307612686722
ΙΟΝΙΩΝ ΝΗΣΩΝ,2,2022,439385,833883,76.63292543697439,79.5049360020321
ΙΟΝΙΩΝ ΝΗΣΩΝ,2,2023,507740,978142,15.55697167632031,17.29966913823642
ΙΟΝΙΩΝ ΝΗΣΩΝ,2,2024,529491,1092656,4.283885453184701,11.707298122358512
ΚΕΝΤΡΙΚΗΣ ΜΑΚΕΔΟΝΙΑΣ,2,2019,831837,750432,NA,NA
ΚΕΝΤΡΙΚΗΣ ΜΑΚΕΔΟΝΙΑΣ,2,2020,630873,227876,-24.159060008150636,-69.63402413543133
ΚΕΝΤΡΙΚΗΣ ΜΑΚΕΔΟΝΙΑΣ,2,2021,834631,579913,32.29778418160232,154.48621179939968
ΚΕΝΤΡΙΚΗΣ ΜΑΚΕΔΟΝΙΑΣ,2,2022,1251220,868031,49.91295554562436,49.68296968683234
ΚΕΝΤΡΙΚΗΣ ΜΑΚΕΔΟΝΙΑΣ,2,2023,1429257,1018034,14.229072425312895,17.280834440244647
ΚΕΝΤΡΙΚΗΣ ΜΑΚΕΔΟΝΙΑΣ,2,2024,1428702,1091148,-0.038831364828019035,7.18188194107466
ΚΡΗΤΗΣ,2,2019,444845,1409049,NA,NA
ΚΡΗΤΗΣ,2,2020,268272,422972,-39.693151547168114,-69.98173945689611
ΚΡΗΤΗΣ,2,2021,419925,1143579,56.529567006620155,170.36754205952167
ΚΡΗΤΗΣ,2,2022,666351,1834105,58.68333631005537,60.3828856598451
ΚΡΗΤΗΣ,2,2023,757912,2053191,13.740656200711038,11.945117645936302
ΚΡΗΤΗΣ,2,2024,808589,2284555,6.686396309861831,11.26850838524034
ΝΟΤΙΟΥ ΑΙΓΑΙΟΥ,2,2019,653026,1968704,NA,NA
ΝΟΤΙΟΥ ΑΙΓΑΙΟΥ,2,2020,306127,538378,-53.121774630719145,-72.65317691232404
ΝΟΤΙΟΥ ΑΙΓΑΙΟΥ,2,2021,667972,1531967,118.20094274598452,184.55230340021322
ΝΟΤΙΟΥ ΑΙΓΑΙΟΥ,2,2022,1092854,2676947,63.60775601372512,74.73920782888926
ΝΟΤΙΟΥ ΑΙΓΑΙΟΥ,2,2023,1139204,2752529,4.241188667470678,2.823440284772168
ΝΟΤΙΟΥ ΑΙΓΑΙΟΥ,2,2024,1188769,3002555,4.350844975965675,9.083501027600436
ΠΕΛΟΠΟΝΝΗΣΟΥ,2,2019,310022,125258,NA,NA
ΠΕΛΟΠΟΝΝΗΣΟΥ,2,2020,252101,66658,-18.682867667455856,-46.78343898194127
ΠΕΛΟΠΟΝΝΗΣΟΥ,2,2021,313929,104261,24.525091134108948,56.41183353835999
ΠΕΛΟΠΟΝΝΗΣΟΥ,2,2022,455922,157705,45.230928012384965,51.259819107815964
ΠΕΛΟΠΟΝΝΗΣΟΥ,2,2023,539344,182369,18.297428068836336,15.639326590786595
ΠΕΛΟΠΟΝΝΗΣΟΥ,2,2024,544984,199875,1.045714794268593,9.599219165538003
ΣΤΕΡΕΑΣ ΕΛΛΑΔΑΣ,2,2019,185480,59927,NA,NA
ΣΤΕΡΕΑΣ ΕΛΛΑΔΑΣ,2,2020,158633,33417,-14.474336855725683,-44.237155205500024
ΣΤΕΡΕΑΣ ΕΛΛΑΔΑΣ,2,2021,187591,45597,18.254713710262052,36.4485142292845
ΣΤΕΡΕΑΣ ΕΛΛΑΔΑΣ,2,2022,268888,70305,43.33736693124936,54.18777551154681
ΣΤΕΡΕΑΣ ΕΛΛΑΔΑΣ,2,2023,319195,88806,18.709276724881736,26.31534030296565
ΣΤΕΡΕΑΣ ΕΛΛΑΔΑΣ,2,2024,333671,91054,4.535158758752487,2.531360493660338
ΑΙΤΩΛΟΑΚΑΡΝΑΝΙΑΣ,3,2019,67016,11669,NA,NA
ΑΙΤΩΛΟΑΚΑΡΝΑΝΙΑΣ,3,2020,54193,6935,-19.134236600214873,-40.56902905133259
ΑΙΤΩΛΟΑΚΑΡΝΑΝΙΑΣ,3,2021,60855,8856,12.293100584946396,27.70007209805335
ΑΙΤΩΛΟΑΚΑΡΝΑΝΙΑΣ,3,2022,88045,14973,44.679976994495114,69.07181571815718
ΑΙΤΩΛΟΑΚΑΡΝΑΝΙΑΣ,3,2023,109934,16997,24.86115054801522,13.517665130568357
ΑΙΤΩΛΟΑΚΑΡΝΑΝΙΑΣ,3,2024,115566,17630,5.1230738443065835,3.724186621168441
ΑΝΔΡΟΥ,3,2019,9073,5758,NA,NA
ΑΝΔΡΟΥ,3,2020,6549,3748,-27.818803041992723,-34.90795415074679
ΑΝΔΡΟΥ,3,2021,10567,6270,61.352878302030845,67.28922091782283
ΑΝΔΡΟΥ,3,2022,13993,8261,32.421690167502604,31.75438596491228
ΑΝΔΡΟΥ,3,2023,15115,8331,8.018294861716573,0.8473550417624984
ΑΝΔΡΟΥ,3,2024,14683,8007,-2.8580879920608666,-3.889088944904574
ΑΡΓΟΛΙΔΑΣ,3,2019,66871,36663,NA,NA
ΑΡΓΟΛΙΔΑΣ,3,2020,48985,16273,-26.747020382527552,-55.614652374328344
ΑΡΓΟΛΙΔΑΣ,3,2021,64752,28197,32.18740430744106,73.27474958520249
ΑΡΓΟΛΙΔΑΣ,3,2022,93046,40781,43.69594761551767,44.628861226371605
ΑΡΓΟΛΙΔΑΣ,3,2023,107624,45050,15.66751929153322,10.46811014933425
ΑΡΓΟΛΙΔΑΣ,3,2024,110714,47824,2.8711068163234965,6.157602663706992
ΑΡΚΑΔΙΑΣ,3,2019,34250,6965,NA,NA
ΑΡΚΑΔΙΑΣ,3,2020,27086,5413,-20.916788321167886,-22.282842785355346
ΑΡΚΑΔΙΑΣ,3,2021,32339,5872,19.393782766004577,8.479586181415112
ΑΡΚΑΔΙΑΣ,3,2022,46102,9022,42.55852067163487,53.644414168937324
ΑΡΚΑΔΙΑΣ,3,2023,54964,10772,19.22259337989675,19.397029483484815
ΑΡΚΑΔΙΑΣ,3,2024,57027,11317,3.7533658394585547,5.059413293724471
ΑΡΤΑΣ,3,2019,17647,2785,NA,NA
ΑΡΤΑΣ,3,2020,14588,1499,-17.33439111463705,-46.175942549371634
ΑΡΤΑΣ,3,2021,17620,2070,20.784206196874145,38.092061374249496
ΑΡΤΑΣ,3,2022,23140,2898,31.32803632236095,40
ΑΡΤΑΣ,3,2023,25784,3389,11.426101987899742,16.94271911663216
ΑΡΤΑΣ,3,2024,24737,3987,-4.060657772261868,17.645323104160518
ΑΤΤΙΚΗΣ,3,2019,2447373,1674803,NA,NA
ΑΤΤΙΚΗΣ,3,2020,1848473,732109,-24.47113701099097,-56.28685881264841
ΑΤΤΙΚΗΣ,3,2021,2436255,1274737,31.798246444497703,74.11847142980076
ΑΤΤΙΚΗΣ,3,2022,3698547,2233624,51.812802846992625,75.22233998071759
ΑΤΤΙΚΗΣ,3,2023,4408579,2631652,19.197593000710818,17.81983001615312
ΑΤΤΙΚΗΣ,3,2024,4464743,2871918,1.273970592338257,9.129854555237547
ΑΧΑΪΑΣ,3,2019,112074,27232,NA,NA
ΑΧΑΪΑΣ,3,2020,93741,13508,-16.35794207398683,-50.396592244418336
ΑΧΑΪΑΣ,3,2021,117837,21934,25.70486766729606,62.37785016286645
ΑΧΑΪΑΣ,3,2022,167371,33485,42.036032825004035,52.662533053706575
ΑΧΑΪΑΣ,3,2023,196729,37173,17.54067311541426,11.013886814991787
ΑΧΑΪΑΣ,3,2024,198319,39299,0.8082184121303926,5.719204799182203
ΒΟΙΩΤΙΑΣ,3,2019,30926,6642,NA,NA
ΒΟΙΩΤΙΑΣ,3,2020,26672,3238,-13.755416154691847,-51.24962360734718
ΒΟΙΩΤΙΑΣ,3,2021,33504,5091,25.614877024595078,57.22668313773934
ΒΟΙΩΤΙΑΣ,3,2022,49218,9037,46.90186246418338,77.50933019053231
ΒΟΙΩΤΙΑΣ,3,2023,58224,9525,18.29818359136901,5.400022131238242
ΒΟΙΩΤΙΑΣ,3,2024,59970,10384,2.9987633965375102,9.018372703412075
ΓΡΕΒΕΝΩΝ,3,2019,9075,3609,NA,NA
ΓΡΕΒΕΝΩΝ,3,2020,7172,3191,-20.96969696969697,-11.582155721806595
ΓΡΕΒΕΝΩΝ,3,2021,7112,1530,-0.8365867261572784,-52.05264807270448
ΓΡΕΒΕΝΩΝ,3,2022,10818,NA,52.10911136107986,NA
ΓΡΕΒΕΝΩΝ,3,2023,13082,1428,20.928082824921425,NA
ΓΡΕΒΕΝΩΝ,3,2024,12718,1552,-2.782449166794068,8.683473389355742
ΔΡΑΜΑΣ,3,2019,26730,5208,NA,NA
ΔΡΑΜΑΣ,3,2020,20982,3320,-21.50392817059484,-36.25192012288787
ΔΡΑΜΑΣ,3,2021,25196,4565,20.083881422171384,37.5
ΔΡΑΜΑΣ,3,2022,36371,6249,44.3522781393872,36.889375684556406
ΔΡΑΜΑΣ,3,2023,43060,6146,18.391025817272002,-1.6482637221955514
ΔΡΑΜΑΣ,3,2024,41373,7307,-3.917789131444496,18.890335177351123
ΕΒΡΟΥ,3,2019,47704,18515,NA,NA
ΕΒΡΟΥ,3,2020,41358,12757,-13.302867684051654,-31.099108830677828
ΕΒΡΟΥ,3,2021,47412,12799,14.638038589873787,0.3292310104256487
ΕΒΡΟΥ,3,2022,66323,18354,39.88652661773391,43.40182826783342
ΕΒΡΟΥ,3,2023,75818,22939,14.31630052922817,24.98093058733791
ΕΒΡΟΥ,3,2024,82209,NA,8.429396713181566,NA
ΕΥΒΟΙΑΣ,3,2019,86331,29771,NA,NA
ΕΥΒΟΙΑΣ,3,2020,77242,18695,-10.528083770603839,-37.20399046051527
ΕΥΒΟΙΑΣ,3,2021,89092,24399,15.341394578079285,30.510831773201392
ΕΥΒΟΙΑΣ,3,2022,126783,36017,42.30570646073721,47.61670560268863
ΕΥΒΟΙΑΣ,3,2023,151011,49176,19.109817562291475,36.535524891023684
ΕΥΒΟΙΑΣ,3,2024,155630,48758,3.0587175768652615,-0.8500081340491297
ΕΥΡΥΤΑΝΙΑΣ,3,2019,4313,2367,NA,NA
ΕΥΡΥΤΑΝΙΑΣ,3,2020,3407,1507,-21.006260143751447,-36.33291085762569
ΕΥΡΥΤΑΝΙΑΣ,3,2021,4081,2184,19.78280011740534,44.92368944923689
ΕΥΡΥΤΑΝΙΑΣ,3,2022,6674,3553,63.53834844400882,62.68315018315018
ΕΥΡΥΤΑΝΙΑΣ,3,2023,7431,4157,11.342523224453101,16.999718547706163
ΕΥΡΥΤΑΝΙΑΣ,3,2024,7949,4428,6.970798008343426,6.519124368535001
ΖΑΚΥΝΘΟΥ,3,2019,60646,197924,NA,NA
ΖΑΚΥΝΘΟΥ,3,2020,25869,50243,-57.344260132572636,-74.61500373880884
ΖΑΚΥΝΘΟΥ,3,2021,53008,134446,104.90935096060923,167.5915052843182
ΖΑΚΥΝΘΟΥ,3,2022,103361,250861,94.99132206459402,86.58866756913557
ΖΑΚΥΝΘΟΥ,3,2023,128256,309420,24.085486789021004,23.343205998541023
ΖΑΚΥΝΘΟΥ,3,2024,134262,345564,4.6828218562874255,11.681210005817336
ΗΛΕΙΑΣ,3,2019,39788,28774,NA,NA
ΗΛΕΙΑΣ,3,2020,29896,8563,-24.86176736704534,-70.24049489122123
ΗΛΕΙΑΣ,3,2021,37296,17802,24.752475247524753,107.89442952236365
ΗΛΕΙΑΣ,3,2022,57072,31577,53.024453024453024,77.37894618582182
ΗΛΕΙΑΣ,3,2023,65394,35501,14.581581160639193,12.42676631725623
ΗΛΕΙΑΣ,3,2024,69028,37957,5.557084747836193,6.918114982676545
ΗΜΑΘΙΑΣ,3,2019,33724,16462,NA,NA
ΗΜΑΘΙΑΣ,3,2020,27657,9402,-17.990155378958605,-42.88664803790548
ΗΜΑΘΙΑΣ,3,2021,33363,14883,20.63130491376505,58.29610721123165
ΗΜΑΘΙΑΣ,3,2022,47630,19110,42.762940982525556,28.40153194920379
ΗΜΑΘΙΑΣ,3,2023,57737,22673,21.219819441528447,18.644688644688646
ΗΜΑΘΙΑΣ,3,2024,60695,29111,5.123231203560975,28.395007277378383
ΗΡΑΚΛΕΙΟΥ,3,2019,162230,588631,NA,NA
ΗΡΑΚΛΕΙΟΥ,3,2020,109459,195990,-32.528508907107195,-66.70409815317237
ΗΡΑΚΛΕΙΟΥ,3,2021,156851,493922,43.29657680044583,152.01387825909484
ΗΡΑΚΛΕΙΟΥ,3,2022,241884,774411,54.21259666817553,56.788116342256465
ΗΡΑΚΛΕΙΟΥ,3,2023,279300,872053,15.468571712060328,12.608550240117975
ΗΡΑΚΛΕΙΟΥ,3,2024,298707,987466,6.9484425349087,13.23463138134953
ΘΑΣΟΥ,3,2019,23758,51703,NA,NA
ΘΑΣΟΥ,3,2020,10202,15350,-57.0586749726408,-70.31120051060867
ΘΑΣΟΥ,3,2021,20911,40303,104.96961380121546,162.56026058631923
ΘΑΣΟΥ,3,2022,36456,64974,74.33886471235235,61.21380542391385
ΘΑΣΟΥ,3,2023,46000,76580,26.17950405968839,17.86252962723551
ΘΑΣΟΥ,3,2024,45707,86446,-0.6369565217391304,12.88325933664142
ΘΕΣΠΡΩΤΙΑΣ,3,2019,23904,15000,NA,NA
ΘΕΣΠΡΩΤΙΑΣ,3,2020,17513,8212,-26.73611111111111,-45.25333333333334
ΘΕΣΠΡΩΤΙΑΣ,3,2021,25743,13981,46.99366185119626,70.2508524111057
ΘΕΣΠΡΩΤΙΑΣ,3,2022,34570,20465,34.28893291380181,46.37722623560546
ΘΕΣΠΡΩΤΙΑΣ,3,2023,39353,23344,13.835695689904542,14.067920840459323
ΘΕΣΠΡΩΤΙΑΣ,3,2024,39059,24438,-0.747084085076106,4.686429061000686
ΘΕΣΣΑΛΟΝΙΚΗΣ,3,2019,537967,429648,NA,NA
ΘΕΣΣΑΛΟΝΙΚΗΣ,3,2020,417998,124097,-22.30043850273344,-71.116588463114
ΘΕΣΣΑΛΟΝΙΚΗΣ,3,2021,540274,335325,29.252771544361455,170.21201157159317
ΘΕΣΣΑΛΟΝΙΚΗΣ,3,2022,814188,510187,50.6990897211415,52.14702154626109
ΘΕΣΣΑΛΟΝΙΚΗΣ,3,2023,923070,592365,13.373078453624961,16.107427276665224
ΘΕΣΣΑΛΟΝΙΚΗΣ,3,2024,907947,620940,-1.6383372875296565,4.823883922919146
ΘΗΡΑΣ,3,2019,135543,370193,NA,NA
ΘΗΡΑΣ,3,2020,43653,94012,-67.79398419689693,-74.60459814205022
ΘΗΡΑΣ,3,2021,123387,302131,182.65411311937322,221.37493085989024
ΘΗΡΑΣ,3,2022,216893,548436,75.78269996028754,81.52258457424098
ΘΗΡΑΣ,3,2023,227682,543732,4.974342187161412,-0.8577117475876858
ΘΗΡΑΣ,3,2024,212406,492378,-6.709357788494478,-9.444726446116837
ΙΘΑΚΗΣ,3,2019,3244,2319,NA,NA
ΙΘΑΚΗΣ,3,2020,2011,927,-38.00863131935881,-60.025873221216045
ΙΘΑΚΗΣ,3,2021,3415,1741,69.81601193436101,87.8101402373247
ΙΘΑΚΗΣ,3,2022,6267,2956,83.51390922401171,69.7874784606548
ΙΘΑΚΗΣ,3,2023,7620,3456,21.589277166108186,16.914749661705006
ΙΘΑΚΗΣ,3,2024,8341,3838,9.461942257217848,11.05324074074074
ΙΚΑΡΙΑΣ,3,2019,3901,2332,NA,NA
ΙΚΑΡΙΑΣ,3,2020,2457,1028,-37.016149705203794,-55.917667238421956
ΙΚΑΡΙΑΣ,3,2021,4845,2019,97.19169719169719,96.40077821011673
ΙΚΑΡΙΑΣ,3,2022,6415,2616,32.404540763673886,29.569093610698367
ΙΚΑΡΙΑΣ,3,2023,7924,3208,23.522992985190957,22.629969418960243
ΙΚΑΡΙΑΣ,3,2024,9087,3869,14.67693084300858,20.604738154613468
ΙΩΑΝΝΙΝΩΝ,3,2019,78166,34183,NA,NA
ΙΩΑΝΝΙΝΩΝ,3,2020,56473,14096,-27.752475500857148,-58.76312787057895
ΙΩΑΝΝΙΝΩΝ,3,2021,75784,23793,34.19510208418182,68.79256526674233
ΙΩΑΝΝΙΝΩΝ,3,2022,116435,40342,53.64061015517787,69.55407052494431
ΙΩΑΝΝΙΝΩΝ,3,2023,138384,44786,18.85086099540516,11.015814783600218
ΙΩΑΝΝΙΝΩΝ,3,2024,137316,45715,-0.7717655220256677,2.0743089358281606
ΚΑΒΑΛΑΣ,3,2019,52913,17835,NA,NA
ΚΑΒΑΛΑΣ,3,2020,38613,7592,-27.025494679946327,-57.43201569946734
ΚΑΒΑΛΑΣ,3,2021,49439,13241,28.037189547561702,74.4072708113804
ΚΑΒΑΛΑΣ,3,2022,74825,21364,51.34812597342179,61.3473302620648
ΚΑΒΑΛΑΣ,3,2023,90323,29165,20.712328767123285,36.514697622168136
ΚΑΒΑΛΑΣ,3,2024,95832,33771,6.099221682185047,15.792902451568661
ΚΑΛΥΜΝΟΥ,3,2019,20463,11722,NA,NA
ΚΑΛΥΜΝΟΥ,3,2020,12898,4562,-36.969163856717,-61.081726667804126
ΚΑΛΥΜΝΟΥ,3,2021,21741,9076,68.56101721197085,98.94782989916703
ΚΑΛΥΜΝΟΥ,3,2022,32253,17902,48.351041810404304,97.24548259144998
ΚΑΛΥΜΝΟΥ,3,2023,42163,22625,30.725823954360838,26.382527091945036
ΚΑΛΥΜΝΟΥ,3,2024,43784,24482,3.8446030880155586,8.207734806629833
ΚΑΡΔΙΤΣΑΣ,3,2019,22928,6435,NA,NA
ΚΑΡΔΙΤΣΑΣ,3,2020,17498,3073,-23.682833217027216,-52.245532245532246
ΚΑΡΔΙΤΣΑΣ,3,2021,22268,4063,27.260258315236026,32.21607549625773
ΚΑΡΔΙΤΣΑΣ,3,2022,31227,6443,40.23262080114963,58.57740585774059
ΚΑΡΔΙΤΣΑΣ,3,2023,35841,7060,14.77567489672399,9.576284339593357
ΚΑΡΔΙΤΣΑΣ,3,2024,36565,7904,2.020032923188527,11.954674220963172
ΚΑΡΠΑΘΟΥ,3,2019,9893,24985,NA,NA
ΚΑΡΠΑΘΟΥ,3,2020,3384,4165,-65.79399575457394,-83.32999799879927
ΚΑΡΠΑΘΟΥ,3,2021,8748,14890,158.51063829787233,257.5030012004802
ΚΑΡΠΑΘΟΥ,3,2022,14320,28801,63.69455875628716,93.42511752854264
ΚΑΡΠΑΘΟΥ,3,2023,15774,34751,10.153631284916202,20.659004895663344
ΚΑΡΠΑΘΟΥ,3,2024,18418,37082,16.761759857994168,6.707720641132629
ΚΑΣΤΟΡΙΑΣ,3,2019,11001,9473,NA,NA
ΚΑΣΤΟΡΙΑΣ,3,2020,7334,3602,-33.33333333333333,-61.97614272141877
ΚΑΣΤΟΡΙΑΣ,3,2021,9482,4442,29.28824652304336,23.320377568017765
ΚΑΣΤΟΡΙΑΣ,3,2022,15264,8158,60.97869647753639,83.65601080594327
ΚΑΣΤΟΡΙΑΣ,3,2023,17540,11011,14.91090146750524,34.97180681539593
ΚΑΣΤΟΡΙΑΣ,3,2024,18260,12238,4.104903078677309,11.143402052492963
ΚΕΑΣ - ΚΥΘΝΟΥ,3,2019,7347,3011,NA,NA
ΚΕΑΣ - ΚΥΘΝΟΥ,3,2020,6963,2105,-5.226623111474071,-30.089671205579542
ΚΕΑΣ - ΚΥΘΝΟΥ,3,2021,10837,3900,55.63693810139307,85.2731591448931
ΚΕΑΣ - ΚΥΘΝΟΥ,3,2022,14140,6315,30.478914828827165,61.92307692307693
ΚΕΑΣ - ΚΥΘΝΟΥ,3,2023,14891,6969,5.311173974540311,10.356294536817103
ΚΕΑΣ - ΚΥΘΝΟΥ,3,2024,16138,6758,8.374185749781747,-3.0276940737552014
ΚΕΡΚΥΡΑΣ,3,2019,119656,323650,NA,NA
ΚΕΡΚΥΡΑΣ,3,2020,63862,94086,-46.62866885070536,-70.92970801792059
ΚΕΡΚΥΡΑΣ,3,2021,118450,251629,85.47806207134133,167.4457411304551
ΚΕΡΚΥΡΑΣ,3,2022,204407,435798,72.56817222456733,73.19068946743023
ΚΕΡΚΥΡΑΣ,3,2023,233510,507571,14.237770722137697,16.469327532480644
ΚΕΡΚΥΡΑΣ,3,2024,243900,576448,4.449488244614792,13.569924207647796
ΚΕΦΑΛΛΗΝΙΑΣ,3,2019,46293,66439,NA,NA
ΚΕΦΑΛΛΗΝΙΑΣ,3,2020,21006,21833,-54.62380921521613,-67.138277216695
ΚΕΦΑΛΛΗΝΙΑΣ,3,2021,36479,43094,73.65990669332572,97.38011267347592
ΚΕΦΑΛΛΗΝΙΑΣ,3,2022,68761,92920,88.49475040434223,115.62166426880773
ΚΕΦΑΛΛΗΝΙΑΣ,3,2023,75480,101763,9.771527464696558,9.516788635385277
ΚΕΦΑΛΛΗΝΙΑΣ,3,2024,75940,109407,0.6094329623741388,7.51157100321335
ΚΙΛΚΙΣ,3,2019,17135,3910,NA,NA
ΚΙΛΚΙΣ,3,2020,13225,2493,-22.818791946308725,-36.24040920716112
ΚΙΛΚΙΣ,3,2021,14075,1944,6.427221172022684,-22.021660649819495
ΚΙΛΚΙΣ,3,2022,21516,2903,52.86678507992896,49.331275720164605
ΚΙΛΚΙΣ,3,2023,24683,NA,14.719278676333891,NA
ΚΙΛΚΙΣ,3,2024,27346,5377,10.788802009480209,NA
ΚΟΖΑΝΗΣ,3,2019,37798,13532,NA,NA
ΚΟΖΑΝΗΣ,3,2020,30466,6752,-19.397851738187207,-50.103458468814665
ΚΟΖΑΝΗΣ,3,2021,37286,10769,22.385610188406748,59.49348341232228
ΚΟΖΑΝΗΣ,3,2022,55500,14990,48.84943410395323,39.195839910855234
ΚΟΖΑΝΗΣ,3,2023,63681,17420,14.74054054054054,16.210807204803203
ΚΟΖΑΝΗΣ,3,2024,63277,18158,-0.6344121480504389,4.236509758897818
ΚΟΡΙΝΘΙΑΣ,3,2019,76101,16311,NA,NA
ΚΟΡΙΝΘΙΑΣ,3,2020,69670,8243,-8.450611687100038,-49.46355220403409
ΚΟΡΙΝΘΙΑΣ,3,2021,83885,12593,20.403329984211283,52.7720490112823
ΚΟΡΙΝΘΙΑΣ,3,2022,121269,22965,44.565774572331165,82.36321766060509
ΚΟΡΙΝΘΙΑΣ,3,2023,149846,30974,23.564967139169944,34.87480949270629
ΚΟΡΙΝΘΙΑΣ,3,2024,138523,34548,-7.556424595918476,11.538709885710595
ΚΩ,3,2019,48520,324232,NA,NA
ΚΩ,3,2020,23678,89952,-51.199505358615006,-72.25690246490167
ΚΩ,3,2021,44857,221564,89.44589914688741,146.31358946993953
ΚΩ,3,2022,83925,409161,87.09454488708562,84.6694408838981
ΚΩ,3,2023,96623,446349,15.130175752159666,9.088842778270656
ΚΩ,3,2024,108640,496001,12.43699740227482,11.124030747240388
ΛΑΚΩΝΙΑΣ,3,2019,41572,22413,NA,NA
ΛΑΚΩΝΙΑΣ,3,2020,35129,14526,-15.498412392956798,-35.18939900950341
ΛΑΚΩΝΙΑΣ,3,2021,40994,21933,16.69560761763785,50.99132589838909
ΛΑΚΩΝΙΑΣ,3,2022,59153,32273,44.29672635019759,47.143573610541196
ΛΑΚΩΝΙΑΣ,3,2023,71403,36943,20.709008841478877,14.470300250983795
ΛΑΚΩΝΙΑΣ,3,2024,75124,41482,5.211265633096648,12.286495411850689
ΛΑΡΙΣΑΣ,3,2019,89997,12584,NA,NA
ΛΑΡΙΣΑΣ,3,2020,71068,7841,-21.03292331966621,-37.69071837253655
ΛΑΡΙΣΑΣ,3,2021,88862,10189,25.037991782518155,29.945160056115295
ΛΑΡΙΣΑΣ,3,2022,129044,13457,45.21842857464383,32.073805083914024
ΛΑΡΙΣΑΣ,3,2023,150588,16866,16.695080747651964,25.332540685145275
ΛΑΡΙΣΑΣ,3,2024,159072,18115,5.63391505299227,7.405431044705324
ΛΑΣΙΘΙΟΥ,3,2019,50697,224783,NA,NA
ΛΑΣΙΘΙΟΥ,3,2020,30161,68164,-40.50732784977415,-69.67564273098944
ΛΑΣΙΘΙΟΥ,3,2021,47655,211246,58.00205563476012,209.90845607652133
ΛΑΣΙΘΙΟΥ,3,2022,73836,295658,54.93862134088763,39.95909981727465
ΛΑΣΙΘΙΟΥ,3,2023,85816,331327,16.22514762446503,12.064276968659735
ΛΑΣΙΘΙΟΥ,3,2024,91449,378043,6.564044001118672,14.099665888985804
ΛΕΣΒΟΥ,3,2019,54890,20349,NA,NA
ΛΕΣΒΟΥ,3,2020,NA,NA,NA,NA
ΛΕΣΒΟΥ,3,2021,NA,NA,NA,NA
ΛΕΣΒΟΥ,3,2022,60976,21040,NA,NA
ΛΕΣΒΟΥ,3,2023,78650,27664,28.985174494883232,31.482889733840302
ΛΕΣΒΟΥ,3,2024,85927,34902,9.252383979656708,26.16396761133603
ΛΕΥΚΑΔΑΣ,3,2019,36510,36190,NA,NA
ΛΕΥΚΑΔΑΣ,3,2020,21973,16473,-39.81648863325116,-54.48190107764576
ΛΕΥΚΑΔΑΣ,3,2021,37404,33636,70.22709689163975,104.18867237297395
ΛΕΥΚΑΔΑΣ,3,2022,56589,51348,51.29130574270132,52.6578665715305
ΛΕΥΚΑΔΑΣ,3,2023,62874,55932,11.10639877007899,8.927319467165226
ΛΕΥΚΑΔΑΣ,3,2024,67048,57399,6.638674173744313,2.622827719373525
ΛΗΜΝΟΥ,3,2019,8125,5134,NA,NA
ΛΗΜΝΟΥ,3,2020,6294,3474,-22.535384615384615,-32.33346318659914
ΛΗΜΝΟΥ,3,2021,7991,NA,26.962186209088017,NA
ΛΗΜΝΟΥ,3,2022,11883,7282,48.7047928920035,NA
ΛΗΜΝΟΥ,3,2023,15263,NA,28.443995624000674,NA
ΛΗΜΝΟΥ,3,2024,19049,14614,24.80508419052611,NA
ΜΑΓΝΗΣΙΑΣ,3,2019,77956,35871,NA,NA
ΜΑΓΝΗΣΙΑΣ,3,2020,64078,21090,-17.802350043614346,-41.2059881241114
ΜΑΓΝΗΣΙΑΣ,3,2021,81123,29672,26.600393270701332,40.69227121858701
ΜΑΓΝΗΣΙΑΣ,3,2022,117149,41378,44.40910715826584,39.451334591534106
ΜΑΓΝΗΣΙΑΣ,3,2023,131276,45086,12.059001784052787,8.961283773986176
ΜΑΓΝΗΣΙΑΣ,3,2024,139327,45580,6.132880343703342,1.095683804285144
ΜΕΣΣΗΝΙΑΣ,3,2019,91228,42906,NA,NA
ΜΕΣΣΗΝΙΑΣ,3,2020,71231,22203,-21.91980532292717,-48.25199272828975
ΜΕΣΣΗΝΙΑΣ,3,2021,91959,35666,29.09968974182589,60.63595009683376
ΜΕΣΣΗΝΙΑΣ,3,2022,136352,52664,48.27477462782327,47.65883474457466
ΜΕΣΣΗΝΙΑΣ,3,2023,155507,58630,14.048198779629196,11.328421692237582
ΜΕΣΣΗΝΙΑΣ,3,2024,163596,64704,5.201695100542097,10.359884018420603
ΜΗΛΟΥ,3,2019,23211,31334,NA,NA
ΜΗΛΟΥ,3,2020,16461,15553,-29.08103916246607,-50.363822046339436
ΜΗΛΟΥ,3,2021,32347,35328,96.50689508535326,127.14588825307014
ΜΗΛΟΥ,3,2022,44590,51468,37.84895044362692,45.68614130434783
ΜΗΛΟΥ,3,2023,48826,60290,9.499887867234806,17.140747649024636
ΜΗΛΟΥ,3,2024,52175,65161,6.859050505878016,8.079283463260905
ΜΥΚΟΝΟΥ,3,2019,131048,261827,NA,NA
ΜΥΚΟΝΟΥ,3,2020,49292,55097,-62.386301202612785,-78.95671569395058
ΜΥΚΟΝΟΥ,3,2021,147454,223302,199.14387730260486,305.2888542025882
ΜΥΚΟΝΟΥ,3,2022,233691,377723,58.48400179038886,69.1534334667849
ΜΥΚΟΝΟΥ,3,2023,197347,339903,-15.552160759293255,-10.012628301691981
ΜΥΚΟΝΟΥ,3,2024,182634,314077,-7.455395825626941,-7.598050031920872
ΝΑΞΟΥ,3,2019,40249,54170,NA,NA
ΝΑΞΟΥ,3,2020,19927,16951,-50.49069542100425,-68.70777182942588
ΝΑΞΟΥ,3,2021,38970,44613,95.56380789883073,163.18801250663677
ΝΑΞΟΥ,3,2022,62720,74782,60.94431614062099,67.62378678860422
ΝΑΞΟΥ,3,2023,69388,82932,10.631377551020408,10.898344521408895
ΝΑΞΟΥ,3,2024,78121,85726,12.585749697354009,3.3690252254859403
ΞΑΝΘΗΣ,3,2019,32687,6141,NA,NA
ΞΑΝΘΗΣ,3,2020,24916,3279,-23.77397742221678,-46.604787493893504
ΞΑΝΘΗΣ,3,2021,32779,4422,31.55803499759191,34.85818847209515
ΞΑΝΘΗΣ,3,2022,45313,6457,38.23789621403947,46.01990049751244
ΞΑΝΘΗΣ,3,2023,49848,6477,10.008165427140113,0.30974136595942386
ΞΑΝΘΗΣ,3,2024,50496,6539,1.2999518536350505,0.9572332870155936
ΠΑΡΟΥ,3,2019,50451,49124,NA,NA
ΠΑΡΟΥ,3,2020,25255,16980,-49.94152742264772,-65.43441087859296
ΠΑΡΟΥ,3,2021,57790,47751,128.82597505444465,181.21908127208482
ΠΑΡΟΥ,3,2022,91882,75797,58.99290534694583,58.733848505790455
ΠΑΡΟΥ,3,2023,104346,89077,13.565224962451842,17.520482340989748
ΠΑΡΟΥ,3,2024,108845,92801,4.311617119966266,4.180652693736879
ΠΕΛΛΑΣ,3,2019,29740,7658,NA,NA
ΠΕΛΛΑΣ,3,2020,24329,6555,-18.19435104236718,-14.403238443457822
ΠΕΛΛΑΣ,3,2021,29928,7388,23.01368736898352,12.70785659801678
ΠΕΛΛΑΣ,3,2022,46239,9046,54.50080192461909,22.441797509474824
ΠΕΛΛΑΣ,3,2023,54047,11737,16.886178334306535,29.74795489719213
ΠΕΛΛΑΣ,3,2024,56479,12239,4.499787222232501,4.277072505751043
ΠΙΕΡΙΑΣ,3,2019,70120,65516,NA,NA
ΠΙΕΡΙΑΣ,3,2020,46943,21820,-33.05333713633771,-66.69515843458088
ΠΙΕΡΙΑΣ,3,2021,63072,45808,34.35869032656626,109.93583868010998
ΠΙΕΡΙΑΣ,3,2022,95274,73830,51.05593607305936,61.17272092210968
ΠΙΕΡΙΑΣ,3,2023,112669,83183,18.257866784222347,12.668292022213192
ΠΙΕΡΙΑΣ,3,2024,113991,89420,1.1733484809486194,7.497926258971184
ΠΡΕΒΕΖΑΣ,3,2019,37445,31349,NA,NA
ΠΡΕΒΕΖΑΣ,3,2020,25501,14420,-31.89744959273601,-54.001722542983835
ΠΡΕΒΕΖΑΣ,3,2021,35928,28318,40.888592604211595,96.38002773925103
ΠΡΕΒΕΖΑΣ,3,2022,53381,43176,48.57771097751058,52.46839466063987
ΠΡΕΒΕΖΑΣ,3,2023,63662,50978,19.259661677375846,18.070224198628868
ΠΡΕΒΕΖΑΣ,3,2024,67669,57117,6.294178630894411,12.042449684177488
ΡΕΘΥΜΝΟΥ,3,2019,79883,246731,NA,NA
ΡΕΘΥΜΝΟΥ,3,2020,45418,66210,-43.14434860984189,-73.16510693832554
ΡΕΘΥΜΝΟΥ,3,2021,72940,184883,60.597120084547974,179.23727533605197
ΡΕΘΥΜΝΟΥ,3,2022,118318,311043,62.21277762544557,68.23775036103913
ΡΕΘΥΜΝΟΥ,3,2023,129561,348693,9.502358052029276,12.104435721106086
ΡΕΘΥΜΝΟΥ,3,2024,140923,374827,8.769614312949113,7.494845035604386
ΡΟΔΟΠΗΣ,3,2019,33266,5977,NA,NA
ΡΟΔΟΠΗΣ,3,2020,27693,2641,-16.75284073829135,-55.81395348837209
ΡΟΔΟΠΗΣ,3,2021,32680,3542,18.00816090708843,34.11586520257478
ΡΟΔΟΠΗΣ,3,2022,44387,5663,35.82313341493268,59.88142292490119
ΡΟΔΟΠΗΣ,3,2023,48885,6466,10.133597674994931,14.179763376302311
ΡΟΔΟΠΗΣ,3,2024,50718,7415,3.749616446762811,14.676770801113518
ΡΟΔΟΥ,3,2019,144652,814992,NA,NA
ΡΟΔΟΥ,3,2020,74633,225749,-48.40513784807676,-72.30046429903607
ΡΟΔΟΥ,3,2021,129950,604741,74.11868744389211,167.88202827033564
ΡΟΔΟΥ,3,2022,228815,1051481,76.07926125432859,73.87294726172031
ΡΟΔΟΥ,3,2023,246534,1087198,7.743810501933877,3.3968279027390893
ΡΟΔΟΥ,3,2024,288283,1347443,16.934378219637047,23.937222106736765
ΣΑΜΟΥ,3,2019,23516,45920,NA,NA
ΣΑΜΟΥ,3,2020,11383,14547,-51.5946589556047,-68.3209930313589
ΣΑΜΟΥ,3,2021,19905,30240,74.86602828779759,107.87791297174675
ΣΑΜΟΥ,3,2022,34056,54689,71.0926902788244,80.84986772486774
ΣΑΜΟΥ,3,2023,41011,59493,20.422245712943386,8.784216204355538
ΣΑΜΟΥ,3,2024,47262,68562,15.242252078710589,15.243810196157531
ΣΕΡΡΩΝ,3,2019,35099,7778,NA,NA
ΣΕΡΡΩΝ,3,2020,28970,5439,-17.462035955440324,-30.071997942915917
ΣΕΡΡΩΝ,3,2021,35448,4472,22.361063168795305,-17.77900349328921
ΣΕΡΡΩΝ,3,2022,54007,7063,52.355563078311896,57.93828264758497
ΣΕΡΡΩΝ,3,2023,61750,8420,14.3370303849501,19.21279909386946
ΣΕΡΡΩΝ,3,2024,57694,8552,-6.568421052631579,1.5676959619952493
ΣΠΟΡΑΔΩΝ,3,2019,37078,58731,NA,NA
ΣΠΟΡΑΔΩΝ,3,2020,16536,16504,-55.402125249474075,-71.89899712247365
ΣΠΟΡΑΔΩΝ,3,2021,30895,42060,86.8347847121432,154.84730974309258
ΣΠΟΡΑΔΩΝ,3,2022,56095,77786,81.56659653665642,84.94056110318593
ΣΠΟΡΑΔΩΝ,3,2023,59695,85127,6.417684285586951,9.437430900161983
ΣΠΟΡΑΔΩΝ,3,2024,60564,95026,1.455733310997571,11.628507993938468
ΣΥΡΟΥ,3,2019,19920,10160,NA,NA
ΣΥΡΟΥ,3,2020,15355,5605,-22.916666666666664,-44.832677165354326
ΣΥΡΟΥ,3,2021,26332,10770,71.48811462064474,92.14986619090098
ΣΥΡΟΥ,3,2022,34079,15608,29.420476986176514,44.92107706592387
ΣΥΡΟΥ,3,2023,35781,17196,4.994278001115056,10.174269605330599
ΣΥΡΟΥ,3,2024,36931,19241,3.213996254995668,11.892300535008141
ΤΗΝΟΥ,3,2019,12656,7196,NA,NA
ΤΗΝΟΥ,3,2020,8079,3899,-36.164664981036665,-45.81712062256809
ΤΗΝΟΥ,3,2021,14992,7631,85.56752073276395,95.71685047448064
ΤΗΝΟΥ,3,2022,21553,11212,43.76334044823906,46.92700825579871
ΤΗΝΟΥ,3,2023,24734,13176,14.758966269196863,17.516946129147343
ΤΗΝΟΥ,3,2024,27711,13398,12.036063717959085,1.6848816029143898
ΤΡΙΚΑΛΩΝ,3,2019,43964,18951,NA,NA
ΤΡΙΚΑΛΩΝ,3,2020,29743,6761,-32.34692020744245,-64.32378238615377
ΤΡΙΚΑΛΩΝ,3,2021,37905,10874,27.44175100023535,60.8341961248336
ΤΡΙΚΑΛΩΝ,3,2022,59929,18502,58.10315261838808,70.14897921647967
ΤΡΙΚΑΛΩΝ,3,2023,67918,24635,13.330774750120977,33.147767808885526
ΤΡΙΚΑΛΩΝ,3,2024,70250,25122,3.4335522247416006,1.976862187943982
ΦΘΙΩΤΙΔΑΣ,3,2019,46381,12466,NA,NA
ΦΘΙΩΤΙΔΑΣ,3,2020,38578,6601,-16.82369935965158,-47.0479704797048
ΦΘΙΩΤΙΔΑΣ,3,2021,44718,8512,15.915806936595988,28.950159066808055
ΦΘΙΩΤΙΔΑΣ,3,2022,61160,11967,36.768191779596584,40.589755639097746
ΦΘΙΩΤΙΔΑΣ,3,2023,74050,14374,21.0758665794637,20.113645859446812
ΦΘΙΩΤΙΔΑΣ,3,2024,79120,15424,6.846725185685348,7.304855989981912
ΦΛΩΡΙΝΑΣ,3,2019,11527,2161,NA,NA
ΦΛΩΡΙΝΑΣ,3,2020,9826,1545,-14.756658280558687,-28.50532161036557
ΦΛΩΡΙΝΑΣ,3,2021,12173,1456,23.885609607164664,-5.760517799352751
ΦΛΩΡΙΝΑΣ,3,2022,18464,2644,51.67994742462828,81.5934065934066
ΦΛΩΡΙΝΑΣ,3,2023,21033,3993,13.913561525129984,51.021180030257185
ΦΛΩΡΙΝΑΣ,3,2024,22211,4471,5.600722673893405,11.970949161031806
ΦΩΚΙΔΑΣ,3,2019,17529,8681,NA,NA
ΦΩΚΙΔΑΣ,3,2020,12734,3376,-27.35466940498602,-61.11047114387743
ΦΩΚΙΔΑΣ,3,2021,16196,5411,27.187058269200566,60.27843601895735
ΦΩΚΙΔΑΣ,3,2022,25053,9731,54.68634230674241,79.83736832378489
ΦΩΚΙΔΑΣ,3,2023,28479,11574,13.675008980960365,18.939471791182818
ΦΩΚΙΔΑΣ,3,2024,31002,12060,8.85915938059623,4.199066874027993
ΧΑΛΚΙΔΙΚΗΣ,3,2019,108052,219460,NA,NA
ΧΑΛΚΙΔΙΚΗΣ,3,2020,71751,58070,-33.59586125198978,-73.53959719311037
ΧΑΛΚΙΔΙΚΗΣ,3,2021,118471,170093,65.11407506515589,192.9102806957121
ΧΑΛΚΙΔΙΚΗΣ,3,2022,172366,245892,45.492145757189526,44.563268329678465
ΧΑΛΚΙΔΙΚΗΣ,3,2023,195301,299656,13.305988419990022,21.864883770110456
ΧΑΛΚΙΔΙΚΗΣ,3,2024,204550,325509,4.735766841951654,8.62755960167659
ΧΑΝΙΩΝ,3,2019,152035,348904,NA,NA
ΧΑΝΙΩΝ,3,2020,83234,92608,-45.25339559969744,-73.4574553458831
ΧΑΝΙΩΝ,3,2021,142479,253528,71.17884518345868,173.76468555632343
ΧΑΝΙΩΝ,3,2022,232313,452993,63.05069519016837,78.67572812470416
ΧΑΝΙΩΝ,3,2023,263235,501118,13.310490588128946,10.62378447349076
ΧΑΝΙΩΝ,3,2024,277510,544219,5.422911087051494,8.60096823502648
ΧΙΟΥ,3,2019,29591,9692,NA,NA
ΧΙΟΥ,3,2020,25783,5208,-12.868777668885809,-46.26496079240611
ΧΙΟΥ,3,2021,29012,7363,12.523755963231586,41.37864823348694
ΧΙΟΥ,3,2022,39749,10235,37.00882393492348,39.005840010865136
ΧΙΟΥ,3,2023,49936,12390,25.62831769352688,21.055202735710797
ΧΙΟΥ,3,2024,56685,15666,13.515299583466838,26.440677966101696
